	0	0	0	0	0	1	1	1	1	1	2	2	2	2	2	3	3	3	3	3	4	4	4	4	4	5	5	5	5	5	6	6	6	6	6	7	7	7	7	7	8	8	8	8	8	9	9	9	9	9	10	10	10	10	10	11	11	11	11	11	12	12	12	12	12	13	13	13	13	13	14	14	14	14	14	15	15	15	15	15	16	16	16	16	16	17	17	17	17	17	18	18	18	18	18	19	19	19	19	19	20	20	20	20	20	21	21	21	21	21	22	22	22	22	22	23	23	23	23	23	24	24	24	24	24	25	25	25	25	25	26	26	26	26	26	27	27	27	27	27	28	28	28	28	28	29	29	29	29	29	30	30	30	30	30	31	31	31	31	31	32	32	32	32	32	33	33	33	33	33	34	34	34	34	34	35	35	35	35	35	36	36	36	36	36	37	37	37	37	37	38	38	38	38	38	39	39	39	39	39	40	40	40	40	40	41	41	41	41	41	42	42	42	42	42	43	43	43	43	43	44	44	44	44	44	45	45	45	45	45	46	46	46	46	46	47	47	47	47	47	48	48	48	48	48	49	49	49	49	49	50	50	50	50	50	51	51	51	51	51	52	52	52	52	52	53	53	53	53	53	54	54	54	54	54	55	55	55	55	55	56	56	56	56	56	57	57	57	57	57	58	58	58	58	58	59	59	59	59	59	60	60	60	60	60	61	61	61	61	61	62	62	62	62	62	63	63	63	63	63	64	64	64	64	64	65	65	65	65	65	66	66	66	66	66	67	67	67	67	67	68	68	68	68	68	69	69	69	69	69	70	70	70	70	70	71	71	71	71	71	72	72	72	72	72	73	73	73	73	73	74	74	74	74	74	75	75	75	75	75	76	76	76	76	76	77	77	77	77	77	78	78	78	78	78	79	79	79	79	79	80	80	80	80	80	81	81	81	81	81	82	82	82	82	82	83	83	83	83	83	84	84	84	84	84	85	85	85	85	85	86	86	86	86	86	87	87	87	87	87	88	88	88	88	88	89	89	89	89	89	90	90	90	90	90	91	91	91	91	91	92	92	92	92	92	93	93	93	93	93	94	94	94	94	94	95	95	95	95	95	96	96	96	96	96	97	97	97	97	97	98	98	98	98	98	99	99	99	99	99	100	100	100	100	100	101	101	101	101	101
	/m/02y1vz	/m/019rl6	/m/0289n8t	/m/0b2334	/m/03vgrr	/m/019rl6	/m/0289n8t	/m/0b2334	/m/03vgrr	/m/010qmszp	/m/0289n8t	/m/0b2334	/m/03vgrr	/m/010qmszp	/m/01yvs	/m/0b2334	/m/03vgrr	/m/010qmszp	/m/01yvs	/m/0f2nzn	/m/03vgrr	/m/010qmszp	/m/01yvs	/m/0f2nzn	/m/01yt8c	/m/010qmszp	/m/01yvs	/m/0f2nzn	/m/01yt8c	/m/01jp3	/m/01yvs	/m/0f2nzn	/m/01yt8c	/m/01jp3	/m/05ml4	/m/0f2nzn	/m/01yt8c	/m/01jp3	/m/05ml4	/m/0dj6p	/m/01yt8c	/m/01jp3	/m/05ml4	/m/0dj6p	/m/02r5_b	/m/01jp3	/m/05ml4	/m/0dj6p	/m/02r5_b	/m/014j1m	/m/05ml4	/m/0dj6p	/m/02r5_b	/m/014j1m	/m/01bg5t	/m/0dj6p	/m/02r5_b	/m/014j1m	/m/01bg5t	/m/07j87	/m/02r5_b	/m/014j1m	/m/01bg5t	/m/07j87	/m/07l9d	/m/014j1m	/m/01bg5t	/m/07j87	/m/07l9d	/m/0l6w2	/m/01bg5t	/m/07j87	/m/07l9d	/m/0l6w2	/m/01599	/m/07j87	/m/07l9d	/m/0l6w2	/m/01599	/m/07s28	/m/07l9d	/m/0l6w2	/m/01599	/m/07s28	/m/0fj52s	/m/0l6w2	/m/01599	/m/07s28	/m/0fj52s	/m/04bcff	/m/01599	/m/07s28	/m/0fj52s	/m/04bcff	/m/0296dr	/m/07s28	/m/0fj52s	/m/04bcff	/m/0296dr	/m/047mr6	/m/0fj52s	/m/04bcff	/m/0296dr	/m/047mr6	/m/027pcv	/m/04bcff	/m/0296dr	/m/047mr6	/m/027pcv	/m/01k_hc	/m/0296dr	/m/047mr6	/m/027pcv	/m/01k_hc	/m/0c1xzr	/m/047mr6	/m/027pcv	/m/01k_hc	/m/0c1xzr	/m/054hcy	/m/027pcv	/m/01k_hc	/m/0c1xzr	/m/054hcy	/m/05n4y	/m/01k_hc	/m/0c1xzr	/m/054hcy	/m/05n4y	/m/01qfl8	/m/0c1xzr	/m/054hcy	/m/05n4y	/m/01qfl8	/m/0fqtq	/m/054hcy	/m/05n4y	/m/01qfl8	/m/0fqtq	/m/02__zl	/m/05n4y	/m/01qfl8	/m/0fqtq	/m/02__zl	/m/07l4g	/m/01qfl8	/m/0fqtq	/m/02__zl	/m/07l4g	/m/02zqt3	/m/0fqtq	/m/02__zl	/m/07l4g	/m/02zqt3	/m/0fkw3	/m/02__zl	/m/07l4g	/m/02zqt3	/m/0fkw3	/m/06zts5l	/m/07l4g	/m/02zqt3	/m/0fkw3	/m/06zts5l	/m/080vl	/m/02zqt3	/m/0fkw3	/m/06zts5l	/m/080vl	/m/01dwsz	/m/0fkw3	/m/06zts5l	/m/080vl	/m/01dwsz	/m/016zpp	/m/06zts5l	/m/080vl	/m/01dwsz	/m/016zpp	/m/01f91_	/m/080vl	/m/01dwsz	/m/016zpp	/m/01f91_	/m/012mpq	/m/01dwsz	/m/016zpp	/m/01f91_	/m/012mpq	/m/0lnyz	/m/016zpp	/m/01f91_	/m/012mpq	/m/0lnyz	/m/01pr2g	/m/01f91_	/m/012mpq	/m/0lnyz	/m/01pr2g	/m/02zvsm	/m/012mpq	/m/0lnyz	/m/01pr2g	/m/02zvsm	/m/01r1wt	/m/0lnyz	/m/01pr2g	/m/02zvsm	/m/01r1wt	/m/01cz4w	/m/01pr2g	/m/02zvsm	/m/01r1wt	/m/01cz4w	/m/0kpqd	/m/02zvsm	/m/01r1wt	/m/01cz4w	/m/0kpqd	/m/07ckz	/m/01r1wt	/m/01cz4w	/m/0kpqd	/m/07ckz	/m/0m1gt	/m/01cz4w	/m/0kpqd	/m/07ckz	/m/0m1gt	/m/0l6jb	/m/0kpqd	/m/07ckz	/m/0m1gt	/m/0l6jb	/m/09qdd	/m/07ckz	/m/0m1gt	/m/0l6jb	/m/09qdd	/m/032lgr	/m/0m1gt	/m/0l6jb	/m/09qdd	/m/032lgr	/m/026xyy	/m/0l6jb	/m/09qdd	/m/032lgr	/m/026xyy	/m/0c8jf	/m/09qdd	/m/032lgr	/m/026xyy	/m/0c8jf	/m/052rh	/m/032lgr	/m/026xyy	/m/0c8jf	/m/052rh	/m/01cs49	/m/026xyy	/m/0c8jf	/m/052rh	/m/01cs49	/m/05zb4	/m/0c8jf	/m/052rh	/m/01cs49	/m/05zb4	/m/01ngsj	/m/052rh	/m/01cs49	/m/05zb4	/m/01ngsj	/m/0kpt_	/m/01cs49	/m/05zb4	/m/01ngsj	/m/0kpt_	/m/020h7v	/m/05zb4	/m/01ngsj	/m/0kpt_	/m/020h7v	/m/0bp_wy	/m/01ngsj	/m/0kpt_	/m/020h7v	/m/0bp_wy	/m/01y_2_	/m/0kpt_	/m/020h7v	/m/0bp_wy	/m/01y_2_	/m/04n3_8	/m/020h7v	/m/0bp_wy	/m/01y_2_	/m/04n3_8	/m/01kkd6	/m/0bp_wy	/m/01y_2_	/m/04n3_8	/m/01kkd6	/m/017dpx	/m/01y_2_	/m/04n3_8	/m/01kkd6	/m/017dpx	/m/04sg5	/m/04n3_8	/m/01kkd6	/m/017dpx	/m/04sg5	/m/01qfm2	/m/01kkd6	/m/017dpx	/m/04sg5	/m/01qfm2	/m/035bfz	/m/017dpx	/m/04sg5	/m/01qfm2	/m/035bfz	/m/04cym9	/m/04sg5	/m/01qfm2	/m/035bfz	/m/04cym9	/m/02bh6d	/m/01qfm2	/m/035bfz	/m/04cym9	/m/02bh6d	/m/01sbwk	/m/035bfz	/m/04cym9	/m/02bh6d	/m/01sbwk	/m/0277rq	/m/04cym9	/m/02bh6d	/m/01sbwk	/m/0277rq	/m/021fl7	/m/02bh6d	/m/01sbwk	/m/0277rq	/m/021fl7	/m/061273	/m/01sbwk	/m/0277rq	/m/021fl7	/m/061273	/m/05bx6n	/m/0277rq	/m/021fl7	/m/061273	/m/05bx6n	/m/03ywjz	/m/021fl7	/m/061273	/m/05bx6n	/m/03ywjz	/m/02qctq	/m/061273	/m/05bx6n	/m/03ywjz	/m/02qctq	/m/011xdj	/m/05bx6n	/m/03ywjz	/m/02qctq	/m/011xdj	/m/08gn1d	/m/03ywjz	/m/02qctq	/m/011xdj	/m/08gn1d	/m/084_y	/m/02qctq	/m/011xdj	/m/08gn1d	/m/084_y	/m/04tyk6	/m/011xdj	/m/08gn1d	/m/084_y	/m/04tyk6	/m/01qpbt	/m/08gn1d	/m/084_y	/m/04tyk6	/m/01qpbt	/m/02w9q6	/m/084_y	/m/04tyk6	/m/01qpbt	/m/02w9q6	/m/02_ybg	/m/04tyk6	/m/01qpbt	/m/02w9q6	/m/02_ybg	/m/05h45j	/m/01qpbt	/m/02w9q6	/m/02_ybg	/m/05h45j	/m/016gq4	/m/02w9q6	/m/02_ybg	/m/05h45j	/m/016gq4	/m/0207sy	/m/02_ybg	/m/05h45j	/m/016gq4	/m/0207sy	/m/05xnqg	/m/05h45j	/m/016gq4	/m/0207sy	/m/05xnqg	/m/0c8mb	/m/016gq4	/m/0207sy	/m/05xnqg	/m/0c8mb	/m/0b8pxt	/m/0207sy	/m/05xnqg	/m/0c8mb	/m/0b8pxt	/m/04ljg5	/m/05xnqg	/m/0c8mb	/m/0b8pxt	/m/04ljg5	/m/01bp2v	/m/0c8mb	/m/0b8pxt	/m/04ljg5	/m/01bp2v	/m/0djnbl	/m/0b8pxt	/m/04ljg5	/m/01bp2v	/m/0djnbl	/m/01kf5_	/m/04ljg5	/m/01bp2v	/m/0djnbl	/m/01kf5_	/m/016g4s	/m/01bp2v	/m/0djnbl	/m/01kf5_	/m/016g4s	/m/0m4tt	/m/0djnbl	/m/01kf5_	/m/016g4s	/m/0m4tt	/m/0cwzb7	/m/01kf5_	/m/016g4s	/m/0m4tt	/m/0cwzb7	/m/09jy30	/m/016g4s	/m/0m4tt	/m/0cwzb7	/m/09jy30	/m/04_y8b	/m/0m4tt	/m/0cwzb7	/m/09jy30	/m/04_y8b	/m/08pjw1	/m/0cwzb7	/m/09jy30	/m/04_y8b	/m/08pjw1	/m/03lp1_	/m/09jy30	/m/04_y8b	/m/08pjw1	/m/03lp1_	/m/01m3g2	/m/04_y8b	/m/08pjw1	/m/03lp1_	/m/01m3g2	/m/01s08d	/m/08pjw1	/m/03lp1_	/m/01m3g2	/m/01s08d	/m/02w3c7	/m/03lp1_	/m/01m3g2	/m/01s08d	/m/02w3c7	/m/027g73c	/m/01m3g2	/m/01s08d	/m/02w3c7	/m/027g73c	/m/01wc_w
date																																																																																																																																																																																																																																																																																																																																																																																																																																																																																																																														
2019-01-06	99	13	13	5	3	88	88	31	18	16	88	31	18	16	4	89	52	45	12	2	90	78	22	3	8	81	23	3	8	3	65	8	24	9	50	8	24	10	52	45	24	10	52	45	35	3	16	14	11	60	16	14	11	60	2	14	11	60	2	65	11	60	2	65	1	60	2	65	1	4	2	60	1	4	77	60	1	4	77	15	1	4	77	15	3	4	77	15	3	2	77	15	3	2	1	93	18	13	8	18	8	6	4	9	35	6	4	9	35	9	4	9	35	9	3	8	33	9	3	19	33	9	3	19	10	9	3	19	10	16	3	19	10	16	46	19	10	16	46	2	18	29	82	4	33	29	82	4	33	1	40	2	16	0	91	2	16	0	91	6	16	0	91	6	55	0	91	6	55	36	91	6	55	36	8	9	84	55	12	13	83	55	11	13	3	68	15	16	4	33	15	16	4	34	5	13	4	27	4	64	4	27	4	64	33	27	4	64	33	2	3	51	26	2	32	51	26	2	32	3	26	2	32	3	3	2	32	3	3	1	32	3	3	1	7	45	38	16	95	18	38	16	95	18	26	15	86	16	24	93	86	16	24	93	1	12	17	66	1	84	17	66	1	84	11	68	1	84	12	7	1	84	11	7	28	84	11	7	28	7	0	0	0	0	96	0	0	0	96	1	0	0	96	1	1	0	96	1	1	0	96	1	1	0	1	11	9	2	9	65	9	3	9	65	2	2	9	65	2	5	9	65	2	5	34	65	2	5	34	11	4	12	84	29	56	12	84	29	56	13	84	29	56	14	61	35	70	17	75	1	70	17	75	1	20	19	89	1	23	10	74	1	19	8	80	1	9	4	38	37	9	4	38	37	9	4	39	37	9	10	39	37	9	10	1	37	9	10	1	13	41	47	3	64	73	47	3	64	73	21	3	64	73	21	3	36	42	12	2	39	42	12	2	39	20	12	2	39	20	41	2	39	20	41	9	39	20	41	9	2	21	44	10	2	28	44	10	2	28	12	12	2	33	14	31	3	33	14	31	17	33	14	31	17	29	14	31	17	29	10	31	17	29	10	1	40	68	24	2	89	68	24	2	89	11	24	2	89	11	9	1	37	4	4	72	37	4	4	72	7	4	4	72	7	34	4	71	7	34	51	72	7	34	50	5	14	66	97	10	6
2019-01-13	100	13	13	5	3	85	83	31	18	16	83	31	18	16	4	88	50	44	12	1	86	77	21	3	8	80	22	3	8	3	64	8	23	10	50	8	24	10	51	46	24	10	51	46	35	3	16	15	11	61	16	15	11	61	2	15	11	61	2	64	11	61	2	64	1	61	2	64	1	4	2	59	1	4	79	59	1	4	79	16	1	4	78	16	3	4	79	16	3	2	79	16	3	2	1	96	16	13	8	17	8	6	4	8	35	6	4	8	35	9	4	8	35	9	3	8	34	9	3	19	34	9	3	19	11	9	3	19	11	15	3	19	11	15	46	19	11	15	46	2	19	26	81	4	35	26	81	4	35	1	40	2	17	0	93	2	17	0	93	7	17	0	93	7	55	0	93	7	55	38	93	7	55	38	7	10	83	57	11	13	81	58	11	13	3	71	13	16	4	34	13	16	4	34	5	13	4	28	4	71	4	28	4	71	32	28	4	71	32	3	3	56	25	2	33	56	25	2	33	3	25	2	33	3	3	2	33	3	3	1	33	3	3	1	6	48	36	19	93	17	36	19	93	17	32	17	84	16	29	95	84	16	29	95	2	11	21	67	1	83	21	67	1	83	15	67	1	83	15	8	1	83	15	8	28	83	15	8	28	7	0	0	0	0	95	0	0	0	95	1	0	0	95	1	1	0	95	1	1	0	95	1	1	0	1	9	8	3	9	60	8	3	8	60	2	3	9	60	2	5	9	60	2	5	35	60	2	5	35	10	4	11	87	25	60	12	88	25	59	12	87	25	60	13	61	31	74	17	75	1	74	17	75	1	19	18	86	1	23	10	74	1	19	8	87	0	9	4	42	39	9	4	42	39	8	4	42	40	8	9	42	40	8	9	1	40	8	9	1	13	39	45	4	60	80	45	4	60	80	19	4	60	80	19	2	34	46	11	1	40	46	11	1	40	23	11	1	40	23	41	1	40	23	41	9	40	23	41	9	2	25	45	9	2	28	45	9	2	28	11	11	2	32	12	30	3	34	13	30	19	34	13	30	19	34	13	30	19	34	10	30	19	34	10	2	45	80	24	4	89	80	24	4	89	10	24	4	89	10	8	2	37	4	3	69	37	4	3	69	6	4	3	69	6	34	4	70	6	33	48	69	6	34	48	4	12	66	92	9	7
2019-01-20	97	13	13	5	3	83	85	31	17	15	85	31	17	15	4	88	50	42	12	1	86	72	21	2	8	75	22	3	8	3	63	8	23	10	50	8	24	10	51	48	24	10	51	48	34	3	16	15	11	62	16	15	11	62	2	15	11	62	2	64	11	62	2	64	1	62	2	64	1	4	2	59	1	4	77	59	1	4	77	16	1	4	77	16	3	4	77	16	3	2	77	16	3	2	1	96	16	12	8	16	8	6	4	8	34	6	4	8	34	9	4	8	34	9	3	8	32	8	3	18	32	8	3	18	11	8	3	18	11	14	3	18	11	14	45	18	11	14	45	3	20	26	80	5	46	26	80	5	46	1	39	2	23	0	98	2	23	0	98	6	23	0	98	6	54	0	98	6	54	41	98	6	54	41	7	10	83	62	11	13	82	62	11	14	3	77	14	17	4	36	14	17	4	36	4	14	3	30	4	74	3	30	4	74	31	30	4	74	31	3	3	58	24	2	33	58	24	2	33	3	24	2	33	3	2	2	33	3	2	1	33	3	2	1	6	45	34	17	94	17	34	17	94	17	30	15	85	16	27	90	85	16	27	90	1	11	19	64	1	81	19	64	1	81	13	65	1	79	13	9	1	81	13	8	25	81	13	8	25	7	0	0	0	0	92	0	0	0	92	1	0	0	92	1	1	0	92	1	1	0	92	1	1	0	1	9	9	2	9	59	9	2	9	59	2	2	9	59	2	4	9	59	2	4	38	59	2	4	38	9	4	11	96	21	58	12	97	21	58	13	96	21	58	12	62	27	71	15	77	1	71	15	77	1	19	18	90	1	22	12	75	1	18	10	92	0	9	5	44	42	9	5	44	42	8	5	44	41	8	9	44	41	8	9	1	41	8	9	1	12	39	44	5	58	81	44	5	58	81	20	5	58	81	20	3	33	46	11	1	38	46	11	1	38	20	11	1	38	20	41	1	38	20	41	9	38	20	41	9	1	22	45	9	1	27	45	9	1	27	11	11	2	33	14	30	2	33	13	31	17	33	13	31	17	32	13	31	17	32	9	31	17	32	9	1	39	75	22	3	86	75	22	3	86	11	22	3	86	11	9	1	36	4	4	66	36	4	4	66	6	4	4	66	6	34	4	68	6	35	52	66	6	34	51	4	12	67	99	9	6
2019-01-27	96	13	13	5	3	85	87	30	18	15	87	30	18	15	4	86	51	41	13	2	88	72	22	3	8	75	23	3	8	4	66	10	23	11	49	10	23	11	50	50	23	11	50	50	34	4	16	16	11	60	16	16	11	60	2	16	11	60	2	63	11	60	2	63	1	60	2	63	1	4	2	58	1	4	78	58	1	4	78	16	1	4	78	16	3	4	78	16	3	2	78	16	3	2	1	100	17	12	8	16	8	6	4	8	32	6	4	8	33	9	4	8	33	9	3	8	31	9	3	18	31	9	3	18	11	9	3	18	11	15	3	18	11	15	44	18	11	15	44	3	20	27	78	5	38	27	78	5	38	1	38	2	19	0	99	2	19	0	99	6	19	0	99	6	55	0	99	6	55	40	99	6	55	40	7	9	83	61	11	16	81	61	11	16	3	76	14	20	4	32	14	20	4	33	5	17	4	27	4	74	4	27	4	74	32	27	4	74	32	3	3	58	25	2	33	58	25	2	33	3	25	2	33	3	2	2	33	3	2	1	33	3	2	1	7	46	36	18	97	20	36	18	97	20	28	16	88	18	25	91	88	18	25	91	1	13	18	65	1	77	18	65	1	77	13	64	1	77	14	8	1	77	13	8	27	77	13	8	27	7	0	0	0	0	93	0	0	0	93	1	0	0	93	1	1	0	93	1	1	0	93	1	1	0	1	9	8	2	9	61	8	2	9	60	2	2	9	61	2	4	9	61	2	4	39	61	2	4	39	9	4	11	98	23	59	11	98	22	58	13	98	23	59	13	63	28	72	16	78	1	72	16	78	1	19	19	90	1	22	12	77	1	19	10	90	0	9	5	44	40	9	5	44	40	8	5	43	40	8	10	43	40	8	10	1	40	8	10	1	12	39	47	4	59	83	47	4	59	83	22	4	59	83	22	3	34	48	12	2	37	48	12	2	37	22	12	2	37	22	38	2	37	22	38	9	37	22	38	9	2	24	42	10	3	27	42	10	3	27	11	12	3	32	13	28	3	32	14	28	17	32	14	28	17	31	14	28	17	31	10	28	17	31	10	1	41	74	24	2	84	74	24	2	84	11	24	2	84	11	9	1	35	4	4	65	35	4	4	65	7	4	4	65	7	33	4	64	7	33	46	65	7	33	48	4	14	64	92	8	7
2019-02-03	95	13	13	5	3	83	86	31	18	14	86	31	18	14	5	88	51	40	13	2	88	69	23	3	8	72	24	3	8	8	69	10	23	23	49	10	23	23	50	50	23	23	50	50	31	7	16	16	10	60	16	16	10	60	2	16	10	60	2	62	10	60	2	62	1	60	2	62	1	4	2	57	1	4	80	57	1	4	80	16	1	4	79	15	3	4	80	16	3	2	80	16	3	2	1	96	16	11	8	16	8	6	4	8	31	6	4	8	32	9	4	8	32	9	3	7	30	9	3	17	30	9	3	17	11	9	3	17	11	15	3	17	11	15	43	17	11	15	43	3	19	26	76	5	38	26	76	5	38	1	38	2	19	1	96	2	19	1	96	7	19	1	96	7	56	1	96	7	56	39	96	7	56	39	7	10	85	60	11	16	84	60	11	16	3	75	14	20	4	31	14	21	4	31	5	17	3	26	4	80	3	26	4	80	30	26	4	80	30	3	3	63	24	2	33	63	24	2	33	3	24	2	33	3	3	2	33	3	3	1	33	3	3	1	6	49	37	21	92	20	37	21	92	20	28	19	83	18	25	84	83	18	25	84	1	13	18	60	1	75	18	60	1	75	13	60	1	76	13	10	1	75	13	9	25	75	13	9	25	7	0	0	0	0	95	0	0	0	95	1	0	0	95	1	1	0	95	1	1	0	95	1	1	0	1	11	9	2	8	59	8	2	8	59	2	2	8	59	2	4	8	59	2	4	40	59	2	4	40	8	4	10	100	20	57	11	98	20	57	12	100	20	57	12	55	25	71	15	68	1	71	15	68	1	20	17	78	1	23	13	67	1	19	11	88	0	10	5	42	43	10	5	42	43	9	6	43	43	9	10	43	43	9	10	1	43	9	10	1	12	44	45	4	57	81	45	4	57	81	21	4	57	81	21	3	33	46	12	1	40	46	12	1	40	19	12	1	40	19	41	1	40	19	41	9	40	19	41	9	2	21	44	10	2	26	44	10	2	26	10	11	3	30	12	29	3	31	12	28	16	31	12	28	16	34	12	28	16	34	9	28	16	34	9	1	38	80	22	3	84	80	22	3	84	11	22	3	84	11	9	1	35	4	4	58	35	4	4	58	7	4	4	58	7	33	4	58	8	32	46	58	7	33	45	4	14	64	87	9	12
2019-02-10	97	13	13	5	3	84	87	31	18	15	87	31	18	15	5	88	51	41	13	2	89	71	23	3	8	75	24	3	8	3	70	9	24	9	50	9	25	9	51	47	25	9	51	47	30	3	16	15	9	60	16	15	9	60	2	15	9	60	2	63	9	60	2	63	1	60	2	63	1	4	2	58	1	4	78	58	1	4	78	15	1	4	77	15	2	4	78	15	3	2	78	15	3	2	1	94	15	12	8	19	7	6	4	9	31	6	4	9	31	9	4	9	31	9	3	9	30	9	3	17	30	9	3	17	11	9	3	17	11	14	3	17	11	14	42	17	11	14	42	3	20	25	74	5	41	25	74	5	41	1	36	3	20	0	95	3	20	0	95	7	20	0	95	7	54	0	95	7	54	41	95	7	54	41	8	11	83	63	12	15	81	62	11	15	3	78	14	18	4	31	14	18	4	31	5	15	4	26	4	85	4	26	4	85	30	26	4	85	30	3	3	67	23	2	33	67	23	2	33	3	23	2	33	3	2	2	33	3	2	2	33	3	2	2	7	50	33	24	95	19	33	24	95	19	48	22	86	17	44	96	86	17	44	96	1	12	31	68	1	76	31	68	1	76	13	70	1	75	13	10	1	76	13	10	26	76	13	10	26	7	0	0	0	0	94	0	0	0	94	1	0	0	94	1	1	0	94	1	1	0	94	1	1	0	1	20	8	3	8	60	8	3	9	61	2	3	8	60	2	4	8	60	2	4	38	60	2	4	38	9	4	10	94	23	58	10	92	23	58	13	94	23	58	13	58	28	71	16	72	1	71	16	72	1	21	18	83	1	24	13	71	1	21	11	91	0	10	5	44	48	10	5	44	48	9	5	44	49	9	9	44	49	9	9	1	49	9	9	1	12	41	41	4	59	79	41	4	59	79	23	4	59	79	23	3	34	45	13	2	41	45	13	2	41	20	13	2	41	20	41	2	41	20	41	9	41	20	41	9	2	21	45	9	2	24	45	9	2	24	10	10	3	29	12	30	2	29	12	31	17	29	12	31	17	28	12	31	17	28	10	31	17	28	10	1	41	66	24	2	83	66	24	2	83	10	24	2	83	10	9	1	34	4	4	80	34	4	4	80	7	4	4	80	7	34	4	78	7	36	46	80	7	34	47	5	13	67	91	10	7
2019-02-17	96	13	13	5	3	83	85	31	18	15	85	31	18	15	5	88	50	43	14	2	86	74	24	3	8	77	25	3	8	3	74	10	24	9	50	10	25	9	51	50	25	9	51	50	30	3	16	16	9	59	16	16	9	59	2	16	9	59	2	66	9	59	2	66	1	59	2	66	1	4	2	61	1	4	79	61	1	4	79	16	1	4	78	16	3	4	79	16	2	2	79	16	2	2	1	96	15	12	8	17	8	6	4	8	31	6	4	8	32	9	4	8	32	9	3	8	31	9	3	17	31	9	3	17	11	9	3	17	11	15	3	17	11	15	42	17	11	15	42	3	20	26	75	5	37	26	75	5	37	1	37	2	18	0	94	2	18	0	94	7	18	0	94	7	56	0	94	7	56	39	94	7	56	39	8	10	86	60	12	14	85	60	11	14	3	74	15	17	4	31	15	17	4	31	4	14	3	26	4	74	3	26	4	74	31	26	4	74	31	3	3	58	24	3	34	58	24	3	34	3	24	3	34	3	2	3	34	3	2	2	34	3	2	2	7	45	36	26	100	16	36	26	100	16	35	23	90	14	32	90	90	14	32	90	1	10	23	64	1	76	23	64	1	76	13	65	1	77	13	12	1	76	13	11	29	76	13	11	29	7	0	0	0	0	94	0	0	0	94	1	0	0	94	1	1	0	94	1	1	0	94	1	1	0	1	10	8	2	8	61	8	2	8	61	2	2	8	61	2	4	8	61	2	4	40	61	2	4	40	9	4	11	99	22	56	11	100	22	56	12	99	22	56	12	57	27	69	15	71	1	69	15	71	1	20	17	82	1	23	17	70	1	19	14	100	0	9	7	48	42	9	7	48	42	8	7	48	43	9	9	48	43	9	9	1	43	9	9	1	12	41	43	4	55	81	43	4	55	81	18	4	55	81	18	3	31	46	11	2	42	46	11	2	42	19	11	2	42	19	44	2	42	19	44	8	42	19	44	8	1	20	48	9	2	25	48	9	2	25	10	11	2	30	11	31	2	30	11	31	18	30	11	31	18	27	11	31	18	27	9	31	18	27	9	1	43	64	20	2	88	64	20	2	88	10	20	2	88	10	8	1	36	4	3	86	36	4	3	86	8	4	3	86	8	35	3	84	8	36	52	86	8	35	50	5	15	67	98	9	5
2019-02-24	91	12	13	5	3	82	87	33	17	15	87	33	17	15	5	93	48	42	14	2	84	73	24	3	8	76	25	4	8	3	73	10	24	10	46	11	25	10	47	53	25	10	47	53	27	3	15	17	9	56	15	17	9	56	2	17	9	56	2	66	9	56	2	66	1	56	2	66	1	4	2	61	1	4	79	61	1	4	79	14	1	4	78	14	2	4	79	14	2	2	79	14	2	2	1	88	14	12	7	15	7	6	4	7	32	6	4	8	32	9	4	8	32	9	3	7	31	8	3	17	31	8	3	17	11	8	3	17	11	14	3	17	11	14	40	17	11	14	40	3	20	24	70	5	38	24	70	5	38	1	35	2	19	0	90	2	19	0	90	6	19	0	90	6	55	0	90	6	55	37	90	6	55	37	8	10	84	56	12	13	84	55	11	13	3	70	14	16	4	30	14	16	4	30	5	14	3	25	4	71	3	25	4	71	29	25	4	71	29	3	3	56	23	3	34	56	23	3	34	3	23	3	34	3	2	3	34	3	2	4	34	3	2	4	6	48	34	55	90	17	34	55	90	17	24	50	81	15	22	87	81	15	22	87	1	11	15	62	0	71	15	62	0	71	13	62	1	72	13	12	0	71	13	12	32	71	13	12	32	6	0	0	0	0	93	0	0	0	93	1	0	0	93	1	1	0	93	1	1	0	93	1	1	0	1	8	8	2	8	60	7	2	9	61	2	2	8	60	2	4	8	60	2	4	38	60	2	4	38	8	4	10	95	21	55	10	95	21	55	11	95	21	55	11	50	25	69	13	62	1	69	13	62	1	19	16	71	1	21	22	61	1	18	19	92	1	9	9	44	42	9	9	44	42	9	9	44	43	8	8	44	43	8	8	1	43	8	8	1	12	39	38	3	55	77	38	3	55	77	17	3	55	77	17	3	31	44	10	2	40	44	10	2	40	20	10	2	40	20	43	2	40	20	43	8	40	20	43	8	2	22	46	9	2	24	46	9	2	24	10	10	3	28	12	31	2	29	12	31	15	29	12	31	15	30	12	31	15	30	10	31	15	30	10	1	35	72	24	2	83	72	24	2	83	8	24	2	83	8	7	1	34	4	3	82	34	4	3	82	8	4	3	82	8	32	3	82	8	32	45	82	8	32	44	4	15	62	86	7	7
2019-03-03	94	12	13	5	3	81	85	32	17	15	85	32	17	15	5	90	48	41	13	2	84	71	23	4	8	75	24	4	9	3	71	12	25	9	48	13	26	9	49	53	26	9	49	53	29	3	16	17	9	58	16	17	9	58	2	17	9	58	2	70	9	58	2	70	1	58	2	70	1	4	2	65	1	4	79	65	1	4	79	15	1	4	77	15	2	4	79	15	2	2	79	15	2	2	1	89	15	12	8	17	7	6	4	8	34	6	4	8	35	9	4	8	35	9	3	8	33	8	3	17	33	8	3	17	12	8	3	17	12	14	3	17	12	14	42	17	12	14	42	3	21	26	75	5	36	26	75	5	36	1	37	2	18	0	96	2	18	0	96	6	18	0	96	6	57	0	96	6	57	38	96	6	57	38	8	9	87	58	12	14	85	57	12	14	4	72	14	17	5	30	15	17	5	30	5	14	4	25	4	76	4	25	4	76	31	25	4	76	31	3	3	60	24	3	35	60	24	3	35	3	24	3	35	3	2	3	35	3	2	3	35	3	2	3	7	46	36	41	95	18	36	41	95	18	27	37	86	16	24	86	86	16	24	86	1	12	17	61	1	76	17	61	1	76	13	61	1	76	14	13	1	76	13	13	34	76	13	13	34	6	0	0	0	0	93	0	0	0	93	1	0	0	93	1	1	0	93	1	1	0	93	1	1	0	1	9	8	2	8	58	8	2	8	58	2	2	8	58	2	4	8	58	2	4	37	58	2	4	37	9	5	10	92	23	54	10	91	22	53	10	92	23	54	10	47	28	67	13	59	1	67	13	59	1	19	14	69	1	23	18	58	1	19	15	86	0	9	7	42	42	9	7	42	42	9	7	41	43	9	8	41	43	9	8	1	43	9	8	1	11	40	39	3	54	79	39	3	54	79	20	3	54	79	20	3	31	45	11	2	44	45	11	2	44	22	11	2	44	22	44	2	44	22	44	8	44	22	44	8	2	24	48	8	2	25	48	8	2	25	9	9	3	29	11	31	2	29	11	33	14	29	11	33	14	30	11	33	14	30	10	33	14	30	10	1	33	71	22	3	84	71	22	3	84	9	22	3	84	9	9	1	35	4	4	81	35	4	4	81	8	4	4	81	8	33	4	78	8	32	46	81	8	33	48	5	15	63	92	9	7
2019-03-10	98	13	13	5	3	83	84	32	17	15	84	32	17	15	5	90	48	42	14	4	84	72	24	7	9	76	25	7	9	3	72	20	26	9	47	21	27	9	48	50	27	9	48	50	28	3	15	16	9	58	15	16	9	58	2	16	9	58	2	67	9	58	2	67	1	58	2	67	1	4	2	61	1	4	80	61	1	4	80	15	1	4	79	15	2	4	80	15	2	2	80	15	2	2	1	90	15	12	8	16	7	6	4	7	33	6	4	8	34	9	4	8	34	9	3	7	32	8	3	18	32	8	3	18	12	8	3	18	12	14	3	18	12	14	42	18	12	14	42	3	21	25	75	5	35	25	75	5	35	1	37	2	18	0	91	2	18	0	91	7	18	0	91	7	54	0	91	7	54	37	91	7	54	37	8	10	83	57	12	13	82	56	11	13	3	71	15	16	4	28	14	16	4	29	5	14	3	23	4	76	3	23	4	76	30	23	4	76	30	3	3	60	23	3	35	60	23	3	35	3	23	3	35	3	2	3	35	3	2	3	35	3	2	3	6	47	33	43	94	17	33	43	94	17	42	39	85	16	38	88	85	16	38	88	1	11	27	62	0	100	27	62	0	100	13	62	1	100	13	17	0	100	13	16	31	100	13	16	31	5	0	0	0	0	93	0	0	0	93	1	0	0	93	1	1	0	93	1	1	0	93	1	1	0	1	8	8	2	8	62	8	2	8	62	2	2	8	62	2	3	8	62	2	3	36	62	2	3	36	9	5	8	89	22	56	9	88	22	57	11	89	22	56	11	46	27	69	14	56	1	69	14	56	1	19	16	67	1	21	19	55	1	18	16	81	0	9	8	39	43	9	8	39	43	10	8	39	42	9	8	39	42	9	8	1	42	9	8	1	11	44	39	3	54	79	39	3	54	79	20	3	54	79	20	3	31	45	11	2	46	45	11	2	46	17	11	2	46	17	48	2	46	17	48	9	46	17	48	9	2	18	52	10	2	24	52	10	2	24	8	12	3	28	10	28	3	29	10	28	14	29	10	28	14	27	10	28	14	27	8	28	14	27	8	1	33	65	20	2	81	65	20	2	81	8	20	2	81	8	8	1	34	3	3	88	34	3	3	88	8	3	3	88	8	35	3	88	8	35	43	88	8	35	45	4	15	69	86	8	6
2019-03-17	95	13	13	5	3	83	85	31	17	15	85	31	17	15	5	88	50	42	14	3	86	73	25	6	9	77	26	6	10	3	75	18	28	10	48	19	29	10	49	51	29	10	49	51	28	3	16	16	9	58	16	16	9	58	2	16	9	58	2	67	9	58	2	67	1	58	2	67	1	4	2	62	1	4	83	62	1	4	83	15	1	4	82	15	2	4	83	15	2	2	83	15	2	2	1	91	14	12	8	17	7	6	4	8	34	6	4	8	35	9	4	8	35	9	3	8	33	8	3	18	33	8	3	18	12	8	3	18	12	14	3	18	12	14	42	18	12	14	42	3	21	25	75	5	39	25	75	5	39	1	37	2	19	0	91	2	19	0	91	6	19	0	91	6	55	0	91	6	55	37	91	6	55	37	8	10	84	57	12	14	83	56	12	14	3	71	15	17	4	29	15	17	4	30	5	14	3	24	4	78	3	24	4	78	29	24	4	78	29	4	3	62	23	3	37	62	23	3	37	3	23	3	37	3	3	3	37	3	3	3	37	3	3	3	7	46	37	42	97	16	37	42	97	16	37	38	87	14	33	85	87	14	33	85	1	10	23	60	1	89	23	60	1	89	13	60	1	91	13	18	1	89	13	18	33	89	13	18	33	5	0	0	0	0	95	0	0	0	95	1	0	0	95	1	1	0	95	1	1	0	95	1	1	0	1	8	8	3	8	60	8	3	8	59	2	3	8	60	2	3	8	60	2	3	35	60	2	3	35	8	5	8	87	20	56	8	87	19	55	12	87	20	56	12	43	25	69	15	54	1	69	15	54	1	19	17	63	1	22	18	53	1	18	15	83	0	9	7	40	40	9	7	40	40	10	7	40	41	9	8	40	41	9	8	1	41	9	8	1	12	45	38	3	55	81	38	3	55	81	19	3	55	81	19	3	32	46	11	2	47	46	11	2	47	20	11	2	47	20	57	2	47	20	57	8	47	20	57	8	2	22	62	9	2	25	62	9	2	25	9	12	2	30	11	32	2	30	11	31	13	30	11	31	13	27	11	31	13	27	10	31	13	27	10	1	31	64	24	2	81	64	24	2	81	9	24	2	81	9	8	1	34	4	3	88	34	4	3	88	7	4	3	88	7	36	3	86	7	35	47	88	7	36	45	4	14	70	88	9	6
2019-03-24	91	13	13	5	3	82	83	32	17	15	83	32	17	15	5	90	49	43	14	2	85	74	24	3	9	77	26	3	10	3	74	9	28	10	47	9	29	10	48	52	29	10	48	52	28	3	15	16	9	56	15	16	9	56	2	16	9	56	2	67	9	56	2	67	1	56	2	67	1	4	2	62	1	4	82	62	1	4	82	15	1	4	81	15	2	4	82	15	2	2	82	15	2	2	1	89	15	13	8	16	7	6	4	8	35	6	4	8	35	9	4	8	35	9	3	8	33	9	3	18	33	9	3	18	11	9	3	18	11	13	3	18	11	13	42	18	11	13	42	3	20	23	74	5	38	23	74	5	38	1	37	2	19	0	90	2	19	0	90	6	19	0	90	6	55	0	90	6	55	44	90	6	55	44	8	9	84	67	12	13	84	66	12	13	3	83	15	16	4	28	15	17	4	29	4	13	3	23	4	75	3	23	4	75	29	23	4	75	29	4	3	59	23	3	38	59	23	3	38	4	23	3	38	4	2	3	38	4	2	2	38	4	2	2	7	52	35	25	96	14	35	25	96	14	27	23	87	12	25	81	87	12	25	81	1	9	17	57	1	61	17	57	1	61	9	58	1	61	10	21	1	61	9	22	36	61	9	22	36	6	0	0	0	0	96	0	0	0	96	1	0	0	96	1	1	0	96	1	1	0	96	1	1	0	1	9	7	3	7	65	7	3	7	66	2	3	7	65	2	3	7	65	2	3	34	65	2	3	34	8	5	8	85	21	53	8	86	21	53	11	85	21	53	11	40	26	65	13	50	1	65	13	50	1	21	15	59	1	24	17	49	1	20	14	82	1	10	7	39	41	10	7	39	41	9	7	40	41	9	9	40	41	9	9	1	41	9	9	1	11	43	44	4	50	83	44	4	50	83	21	4	50	83	21	3	29	48	12	1	50	48	12	1	50	18	12	1	50	18	58	1	50	18	58	7	50	18	58	7	2	20	63	8	2	24	63	8	2	24	8	10	3	28	9	33	3	29	10	33	12	29	10	33	12	25	10	33	12	25	9	33	12	25	9	1	29	59	22	3	82	59	22	3	82	9	22	3	82	9	8	1	34	4	3	95	34	4	3	95	6	4	3	95	6	33	3	94	6	33	45	95	6	33	44	5	12	64	86	10	7
2019-03-31	91	12	13	5	3	81	87	31	17	15	87	31	17	15	5	88	48	42	14	2	83	73	24	3	9	77	25	3	10	3	73	8	28	9	48	8	29	9	49	51	29	9	49	51	27	3	15	16	9	55	15	16	9	55	2	16	9	55	2	66	9	55	2	66	1	55	2	66	1	4	2	61	1	4	87	61	1	4	87	14	1	4	86	14	2	4	87	14	2	2	87	14	2	2	1	87	14	13	7	17	7	6	3	8	35	6	3	8	35	9	3	8	35	9	3	8	34	8	3	18	34	8	3	18	11	8	3	18	11	13	3	18	11	13	42	18	11	13	42	3	20	23	75	5	36	23	75	5	36	1	37	2	18	0	86	2	18	0	86	6	18	0	86	6	54	0	86	6	54	36	86	6	54	36	7	9	82	56	11	12	82	56	11	12	3	69	14	16	4	28	14	16	4	28	5	13	3	23	4	76	3	23	4	76	31	23	4	76	31	4	3	60	24	3	40	60	24	3	40	3	24	3	40	3	2	3	40	3	2	1	40	3	2	1	7	50	35	21	99	12	35	21	99	12	26	19	89	11	24	82	89	11	24	82	1	8	17	58	1	61	17	58	1	61	10	58	1	62	11	22	1	61	10	23	39	61	10	23	39	5	0	0	1	0	96	0	1	0	96	1	1	0	96	1	1	0	96	1	1	0	96	1	1	0	1	10	8	2	7	63	7	2	7	64	2	2	7	63	2	4	7	63	2	4	33	63	2	4	33	9	5	9	83	22	55	9	83	22	55	11	83	22	55	11	37	27	68	13	45	1	68	13	45	1	19	16	52	1	22	24	44	1	19	21	82	0	9	10	39	41	9	10	39	41	9	10	39	40	9	8	39	40	9	8	1	40	9	8	1	11	42	39	3	50	77	39	3	50	77	19	3	50	77	19	3	29	44	11	2	51	44	11	2	51	19	11	2	51	19	57	2	51	19	57	8	51	19	57	8	2	20	62	9	2	24	62	9	2	24	8	11	3	30	10	36	3	29	9	36	12	29	9	36	12	25	9	36	12	25	10	36	12	25	10	1	28	60	23	4	81	60	23	4	81	13	23	4	81	13	6	1	33	5	2	87	33	5	2	87	7	5	2	87	7	31	2	88	7	30	41	87	7	31	41	5	13	60	80	9	5
2019-04-07	90	12	13	5	3	80	85	31	17	15	85	31	17	15	5	88	48	43	14	2	84	75	24	3	9	78	25	3	10	4	73	10	28	12	47	10	29	12	48	50	29	12	48	50	27	4	15	16	8	56	15	16	8	56	2	16	8	56	2	68	8	56	2	68	1	56	2	68	1	4	2	63	1	4	84	63	1	4	84	14	1	4	85	14	2	4	84	14	2	2	84	14	2	2	1	87	14	12	7	18	7	6	3	9	36	6	3	9	36	9	3	9	36	9	3	8	34	9	3	18	34	9	3	18	13	9	3	18	13	13	3	18	13	13	42	18	13	13	42	3	23	23	75	5	37	23	75	5	37	1	37	2	18	0	88	2	18	0	88	6	18	0	88	6	57	0	88	6	57	36	88	6	57	36	7	10	86	55	11	13	87	54	11	13	3	69	13	16	4	27	14	16	4	27	4	13	3	23	4	77	3	23	4	77	34	23	4	77	34	4	3	61	27	3	42	61	27	3	42	4	27	3	42	4	2	3	42	4	2	1	42	4	2	1	7	56	34	18	97	14	34	18	97	14	26	17	88	12	23	83	88	12	23	83	1	9	17	59	1	61	17	59	1	61	11	59	1	60	11	24	1	61	11	24	40	61	11	24	40	5	0	0	1	0	95	0	1	0	95	1	1	0	95	1	1	0	95	1	1	0	95	1	1	0	1	11	7	2	7	63	7	2	7	63	2	2	7	63	2	4	7	63	2	4	34	63	2	4	34	9	5	9	86	23	54	9	85	23	54	11	86	23	54	11	36	28	66	14	45	1	66	14	45	1	18	16	52	1	21	28	44	1	18	23	82	0	9	11	40	43	9	11	40	43	9	11	40	43	9	8	40	43	9	8	1	43	9	8	1	11	43	38	3	51	78	38	3	51	78	20	3	51	78	20	3	29	45	11	2	54	45	11	2	54	18	11	2	54	18	60	2	54	18	60	8	54	18	60	8	1	20	65	8	2	24	65	8	2	24	9	10	2	28	12	39	2	28	11	39	12	28	11	39	12	24	11	39	12	24	9	39	12	24	9	1	28	57	22	3	77	57	22	3	77	9	22	3	77	9	5	1	32	4	2	92	32	4	2	92	9	4	2	92	9	33	2	94	8	34	44	92	9	33	44	5	17	63	85	9	6
2019-04-14	93	12	13	5	2	78	88	35	16	15	88	35	16	15	5	100	45	43	13	2	78	75	23	3	10	78	24	3	11	3	69	9	31	10	48	9	31	10	50	52	31	10	50	52	26	3	16	17	8	55	16	17	8	55	2	17	8	55	2	70	8	55	2	70	1	55	2	70	1	4	2	65	1	4	87	65	1	4	87	14	1	4	86	14	2	4	87	14	2	2	87	14	2	2	1	86	14	11	6	20	7	5	3	10	35	5	3	10	36	9	3	10	36	9	4	9	34	8	3	24	34	8	3	24	14	8	3	24	14	12	3	24	14	12	43	24	14	12	43	4	25	22	76	8	48	22	76	8	48	1	38	4	24	0	94	4	24	0	94	6	24	0	94	6	62	0	94	6	62	37	94	6	62	37	8	9	94	56	12	14	93	55	11	14	3	69	14	18	4	29	14	18	4	29	5	15	3	24	4	86	3	24	4	86	34	24	4	86	34	4	3	68	27	3	44	68	27	3	44	4	27	3	44	4	2	3	44	4	2	1	44	4	2	1	6	60	35	16	93	14	35	16	93	14	25	15	84	13	23	80	84	13	23	80	1	9	16	57	1	60	16	57	1	60	11	60	1	62	11	24	1	60	11	23	40	60	11	23	40	9	0	0	1	0	94	0	1	0	94	1	1	0	94	1	1	0	94	1	1	0	94	1	1	0	1	16	8	3	8	66	8	3	8	66	2	3	8	66	2	4	8	66	2	4	34	66	2	4	34	11	5	9	86	27	55	9	85	28	55	11	86	27	55	11	37	34	68	14	46	1	68	14	46	1	22	15	53	1	25	38	45	1	22	33	83	0	10	16	40	59	10	16	40	59	8	16	40	59	8	9	40	59	8	9	1	59	8	9	1	11	40	42	3	53	85	42	3	53	85	20	3	53	85	20	3	30	49	12	2	54	49	12	2	54	20	12	2	54	20	59	2	54	20	59	8	54	20	59	8	2	22	64	9	2	25	64	9	2	25	10	11	3	30	11	47	2	30	12	48	13	30	12	48	13	23	12	48	13	23	10	48	13	23	10	1	31	53	23	2	88	53	23	2	88	10	23	2	88	10	7	1	36	4	3	91	36	4	3	91	8	4	3	91	8	31	3	90	8	30	44	91	8	31	45	5	16	60	87	9	11
2019-04-21	93	12	13	5	3	82	87	35	17	15	87	35	17	15	5	99	48	43	13	2	82	75	23	3	10	79	24	4	10	3	70	10	30	10	48	10	31	10	49	52	31	10	49	52	24	3	15	16	8	52	15	16	8	52	2	16	8	52	2	76	8	52	2	76	1	52	2	76	1	4	2	70	1	4	87	70	1	4	87	14	1	4	86	14	2	4	87	14	2	2	87	14	2	2	1	83	12	12	7	20	6	6	3	10	34	6	3	10	34	9	3	10	34	9	4	9	33	8	3	23	33	8	3	23	12	8	3	23	12	12	3	23	12	12	38	23	12	12	38	3	22	22	68	5	39	22	68	5	39	1	34	2	19	0	86	2	19	0	86	6	19	0	86	6	59	0	86	6	59	33	86	6	59	33	7	9	89	50	11	16	88	50	11	16	4	62	14	20	4	28	14	20	5	29	5	16	4	23	4	77	4	23	4	77	33	23	4	77	33	4	3	61	26	3	46	61	26	3	46	4	26	3	46	4	2	3	46	4	2	1	46	4	2	1	6	59	36	16	92	14	36	16	92	14	25	14	83	13	23	81	83	13	23	81	2	9	16	58	1	53	16	58	1	53	11	58	1	53	11	27	1	53	11	26	36	53	11	26	36	5	0	0	0	0	95	0	0	0	95	1	0	0	95	1	1	0	95	1	1	0	95	1	1	0	1	10	8	2	8	69	8	2	8	69	2	2	8	69	2	3	8	69	2	3	31	69	2	3	31	8	5	8	77	21	52	8	76	21	52	11	77	21	52	11	34	26	65	13	42	0	65	13	42	0	18	16	48	1	21	24	41	0	17	20	85	0	9	10	41	51	9	10	41	51	9	10	41	51	9	8	41	51	9	8	1	51	9	8	1	11	42	36	3	50	83	36	3	50	83	19	3	50	83	19	4	29	47	11	2	57	47	11	2	57	20	11	2	57	20	68	2	57	20	68	7	57	20	68	7	2	22	74	8	2	22	74	8	2	22	8	9	3	26	10	51	2	26	10	51	12	26	10	51	12	23	10	51	12	23	9	51	12	23	9	1	27	55	21	3	74	55	21	3	74	9	21	3	74	9	5	1	31	4	2	95	31	4	2	95	10	4	2	95	10	31	2	94	10	30	43	95	10	31	43	4	19	60	83	8	6
2019-04-28	91	12	13	5	3	79	87	34	17	15	87	34	17	15	5	95	48	44	13	2	83	76	23	3	11	80	24	3	11	3	70	8	32	10	46	9	33	10	47	59	33	10	47	59	24	3	15	19	8	53	15	19	8	53	2	19	8	53	2	74	8	53	2	74	1	53	2	74	1	4	2	68	1	4	87	68	1	4	87	14	1	4	87	14	2	4	87	14	2	2	87	14	2	2	1	83	12	11	6	19	6	5	3	9	37	5	3	9	37	9	3	9	37	9	3	9	36	8	3	18	36	8	3	18	11	8	3	18	11	12	3	18	11	12	39	18	11	12	39	2	20	22	69	4	37	22	69	4	37	1	34	2	18	1	82	2	18	1	82	6	18	1	82	6	60	1	82	6	60	35	82	6	60	35	7	9	91	54	11	13	91	53	11	13	3	67	14	16	4	27	14	16	4	28	5	13	3	23	4	80	3	23	4	80	30	23	4	80	30	4	3	63	24	3	52	63	24	3	52	4	24	3	52	4	3	3	52	4	3	1	52	4	3	1	7	60	42	18	97	13	42	18	97	13	22	16	88	12	20	84	88	12	20	84	1	9	14	59	1	53	14	59	1	53	10	58	1	55	10	28	1	53	10	27	36	53	10	27	36	5	0	0	0	0	93	0	0	0	93	1	0	0	93	1	1	0	93	1	1	0	93	1	1	0	1	8	9	2	8	93	9	2	8	93	2	2	8	93	2	3	8	93	2	3	32	93	2	3	32	8	5	8	80	20	55	8	80	20	54	11	80	20	55	11	31	24	68	14	38	1	68	14	38	1	18	15	44	1	22	8	38	1	18	7	86	0	9	3	41	45	9	3	41	45	9	3	41	45	9	9	41	45	9	9	1	45	9	9	1	11	44	41	3	53	84	41	3	53	84	20	3	53	84	20	2	30	48	11	1	62	48	11	1	62	23	11	1	62	23	92	1	62	23	92	7	62	23	92	7	2	25	100	8	2	25	100	8	2	25	8	9	2	30	10	51	2	30	10	52	12	30	10	52	12	24	10	52	12	24	9	52	12	24	9	1	29	56	22	3	81	56	22	3	81	10	22	3	81	10	8	1	33	4	3	91	33	4	3	91	11	4	3	91	11	34	3	89	11	34	44	91	11	34	45	4	21	66	86	7	4
2019-05-05	93	12	13	5	3	82	83	35	17	15	83	35	17	15	5	99	49	42	14	1	84	73	24	2	11	77	25	3	11	4	72	7	33	11	45	8	34	11	47	53	34	11	47	53	24	3	15	17	7	52	15	17	7	52	2	17	7	52	2	77	7	52	2	77	1	52	2	77	1	4	2	71	1	4	83	71	1	4	83	16	1	4	83	16	2	4	83	16	2	2	83	16	2	2	1	97	13	12	7	19	6	6	3	9	39	6	3	9	40	10	3	9	40	10	3	9	38	9	3	20	38	9	3	20	13	9	3	20	13	12	3	20	13	12	43	20	13	12	43	2	22	21	76	4	42	21	76	4	42	1	38	2	21	1	90	2	21	1	90	7	21	1	90	7	58	1	90	7	58	35	90	7	58	35	7	11	88	53	10	12	88	52	10	12	3	66	12	15	4	30	13	15	4	30	5	13	3	24	4	83	3	24	4	83	32	24	4	83	32	4	3	65	25	3	56	65	25	3	56	4	25	3	56	4	3	3	56	4	3	1	56	4	3	1	7	59	44	18	97	13	44	18	97	13	24	16	87	12	22	84	87	12	22	84	1	8	15	60	1	54	15	60	1	54	13	59	1	54	14	30	1	54	13	29	38	54	13	29	38	6	0	0	1	0	91	0	1	0	91	1	1	0	91	1	1	0	91	1	1	0	91	1	1	0	1	8	10	2	8	73	10	2	8	73	2	2	8	73	2	3	8	73	2	3	31	73	2	3	31	8	5	8	78	20	58	9	78	20	57	10	78	20	58	10	31	24	72	13	39	0	72	13	39	0	21	15	45	0	24	4	38	0	20	3	84	0	10	2	40	47	10	2	40	47	9	2	41	47	9	9	41	47	9	9	1	47	9	9	1	11	41	41	4	50	79	41	4	50	79	19	4	50	79	19	3	29	45	11	1	63	45	11	1	63	20	11	1	63	20	78	1	63	20	78	6	63	20	78	6	2	22	85	7	2	25	85	7	2	25	8	8	3	30	10	50	3	30	10	50	11	30	10	50	11	24	10	50	11	24	12	50	11	24	12	1	27	56	27	3	81	56	27	3	81	8	27	3	81	8	7	1	34	3	3	91	34	3	3	91	9	3	3	91	9	38	3	91	9	38	47	91	9	38	47	4	17	73	90	8	4
2019-05-12	97	13	13	5	3	86	86	34	19	16	86	34	19	16	5	98	53	44	14	1	92	76	25	2	12	80	26	2	12	3	75	7	35	9	47	7	36	10	48	60	36	10	48	60	24	3	15	19	7	51	15	19	7	51	2	19	7	51	2	82	7	51	2	82	1	51	2	82	1	4	2	75	1	4	85	75	1	4	85	15	1	4	85	15	2	4	85	15	2	2	85	15	2	2	1	93	13	11	6	20	6	6	3	9	41	6	3	10	42	10	3	10	42	10	3	9	41	9	3	20	41	9	3	20	12	9	3	20	12	12	3	20	12	12	42	20	12	12	42	2	21	22	75	4	40	22	75	4	40	2	37	2	20	1	87	2	20	1	87	6	20	1	87	6	59	1	87	6	59	34	87	6	59	34	7	9	89	51	10	12	89	51	10	12	3	64	12	15	4	29	12	15	4	29	5	13	3	24	4	80	3	24	4	80	33	24	4	80	33	4	3	63	26	3	59	63	26	3	59	5	26	3	59	5	3	3	59	5	3	1	59	5	3	1	6	66	38	16	94	14	38	16	94	14	27	15	84	13	25	82	84	13	25	82	1	9	17	58	1	51	17	58	1	51	9	56	1	50	9	30	1	51	9	30	39	51	9	30	39	4	0	0	1	0	91	0	1	0	91	0	1	0	91	0	1	0	91	0	1	0	91	0	1	0	1	7	9	2	8	71	9	2	8	71	2	2	8	71	2	3	8	71	2	3	31	71	2	3	31	7	6	8	76	19	57	8	75	19	58	12	76	19	57	12	29	23	71	15	36	1	71	15	36	1	18	17	42	1	21	4	36	1	18	3	84	0	9	1	41	44	9	1	41	44	8	2	40	44	8	9	40	44	8	9	1	44	8	9	1	11	38	41	3	50	87	41	3	50	87	17	3	50	87	17	3	28	50	10	2	76	50	10	2	76	20	10	2	76	20	74	2	76	20	74	6	76	20	74	6	1	22	80	7	2	24	80	7	2	24	9	7	2	28	12	53	2	29	11	53	11	29	11	53	11	24	11	53	11	24	12	53	11	24	12	2	25	56	28	5	76	56	28	5	76	10	28	5	76	10	9	2	31	4	4	95	31	4	4	95	10	4	4	95	10	35	3	94	10	34	49	95	10	35	47	4	20	67	90	9	4
2019-05-19	94	13	14	5	3	84	89	33	18	16	89	33	18	16	5	92	51	46	16	1	89	79	27	2	12	83	28	2	12	3	82	7	36	10	46	7	37	10	47	56	37	10	47	56	23	3	15	18	7	52	15	18	7	52	2	18	7	52	2	85	7	52	2	85	1	52	2	85	1	4	2	79	1	4	88	79	1	4	88	14	1	4	88	14	2	4	88	14	2	2	88	14	2	2	1	88	11	11	6	19	6	5	3	9	43	6	3	9	43	10	3	9	43	10	3	9	41	9	3	20	41	9	3	20	12	9	3	20	12	12	3	20	12	12	40	20	12	12	40	2	22	21	72	4	37	21	72	4	37	1	35	2	18	1	89	2	18	1	89	7	18	1	89	7	60	1	89	7	60	32	89	7	60	32	7	10	91	49	10	13	91	48	10	13	3	60	13	16	4	27	13	16	4	28	4	13	3	22	3	85	3	22	3	85	31	22	3	85	31	4	3	67	25	3	65	67	25	3	65	4	25	3	65	4	3	3	65	4	3	1	65	4	3	1	6	62	39	16	92	15	39	16	92	15	26	14	83	14	23	83	83	14	23	83	1	10	17	59	1	50	17	59	1	50	9	59	1	50	10	31	1	50	9	30	41	50	9	30	41	4	0	0	1	0	92	0	1	0	92	0	1	0	92	0	1	0	92	0	1	0	92	0	1	0	1	7	9	2	7	75	9	2	7	76	2	2	7	75	2	3	7	75	2	3	32	75	2	3	32	8	6	8	80	19	57	8	82	19	57	12	80	19	57	12	27	24	70	15	33	1	70	15	33	1	17	18	39	1	19	2	33	1	17	2	78	0	8	1	38	45	8	1	38	45	8	1	37	45	8	8	37	45	8	8	1	45	8	8	1	11	39	38	4	53	79	38	4	53	79	19	4	53	79	19	2	30	45	11	1	80	45	11	1	80	21	11	1	80	21	76	1	80	21	76	6	80	21	76	6	2	23	82	7	2	24	82	7	2	24	7	8	2	30	9	53	2	29	9	53	10	29	9	53	10	23	9	53	10	23	12	53	10	23	12	1	23	54	28	3	78	54	28	3	78	9	28	3	78	9	7	1	32	4	3	89	32	4	3	89	8	4	3	89	8	32	3	88	7	33	44	89	8	32	43	4	15	63	83	8	5
2019-05-26	95	12	13	5	3	81	86	33	18	16	86	33	18	16	6	93	51	47	16	1	88	81	27	2	11	85	29	3	12	3	83	8	35	10	45	8	36	10	46	59	36	10	46	59	22	3	14	19	7	49	14	19	7	49	2	19	7	49	2	83	7	49	2	83	1	49	2	83	1	4	2	76	1	4	91	76	1	4	91	14	1	4	91	14	2	4	91	14	2	2	91	14	2	2	1	84	10	11	6	20	5	6	3	10	41	6	3	10	42	9	3	10	42	9	3	9	40	9	3	19	40	9	3	19	11	9	3	19	11	12	3	19	11	12	39	19	11	12	39	2	19	21	69	4	37	21	69	4	37	1	34	2	18	0	89	2	18	0	89	6	18	0	89	6	61	0	89	6	61	32	89	6	61	32	7	10	93	49	10	12	91	49	10	12	4	61	13	15	4	27	13	15	5	28	4	12	4	22	3	82	4	22	3	82	30	22	3	82	30	4	3	64	24	3	72	64	24	3	72	4	24	3	72	4	3	3	72	4	3	1	72	4	3	1	6	61	37	17	92	14	37	17	92	14	25	15	83	13	23	76	83	13	23	76	1	9	16	54	1	46	16	54	1	46	11	54	1	48	11	31	1	46	11	31	43	46	11	31	43	4	0	0	1	0	91	0	1	0	91	0	1	0	91	0	1	0	91	0	1	0	91	0	1	0	1	7	9	2	7	81	9	2	7	82	2	2	7	81	2	3	7	81	2	3	32	81	2	3	32	8	6	7	79	19	55	6	78	19	54	13	79	19	55	14	28	24	68	17	34	1	68	17	34	1	17	19	39	1	21	2	34	1	17	2	74	0	8	1	36	46	8	1	36	46	8	1	36	46	9	9	36	46	9	9	1	46	9	9	1	10	40	41	4	48	79	41	4	48	79	19	4	48	79	19	3	27	45	11	2	85	45	11	2	85	27	11	2	85	27	78	2	85	27	78	7	85	27	78	7	1	29	85	8	2	23	85	8	2	23	9	9	2	28	11	58	2	28	11	60	11	28	11	60	11	23	11	60	11	23	12	60	11	23	12	1	25	53	28	2	76	53	28	2	76	10	28	2	76	10	6	1	31	4	3	89	31	4	3	89	10	4	3	89	10	30	3	90	10	30	43	89	10	30	45	4	19	59	87	8	4
2019-06-02	95	13	14	5	3	83	91	33	19	17	91	33	19	17	5	95	54	48	15	1	94	83	26	2	11	87	27	3	12	4	79	7	34	11	44	8	35	11	45	63	35	11	45	63	22	3	14	20	7	47	14	20	7	47	2	20	7	47	2	82	7	47	2	82	1	47	2	82	1	4	2	75	1	4	93	75	1	4	93	13	1	4	93	13	2	4	93	13	2	2	93	13	2	2	1	78	9	11	6	20	5	5	3	10	44	5	3	10	44	8	3	10	44	8	3	9	42	8	3	19	42	8	3	19	10	8	3	19	10	11	3	19	10	11	37	19	10	11	37	2	18	20	66	4	33	20	66	4	33	1	33	2	16	0	79	2	16	0	79	5	16	0	79	5	62	0	79	5	62	30	79	5	62	30	6	8	94	46	10	12	94	45	10	12	3	57	12	15	4	30	13	15	4	31	4	12	3	25	3	75	3	25	3	75	27	25	3	75	27	4	3	59	22	3	72	59	22	3	72	4	22	3	72	4	3	3	72	4	3	1	72	4	3	1	6	58	37	18	87	15	37	18	87	15	24	16	79	14	22	77	79	14	22	77	1	10	16	54	1	46	16	54	1	46	10	54	1	47	10	32	1	46	10	31	46	46	10	31	46	4	0	0	1	0	91	0	1	0	91	0	1	0	91	0	1	0	91	0	1	0	91	0	1	0	1	6	8	2	7	83	8	2	7	82	2	2	7	83	2	3	7	83	2	3	30	83	2	3	30	7	5	8	75	18	53	8	76	18	52	16	75	18	53	15	29	23	65	18	36	1	65	18	36	1	18	23	41	1	20	2	35	1	17	2	75	0	8	1	36	41	8	1	36	41	8	1	36	41	9	8	36	41	9	8	1	41	9	8	1	12	40	39	4	54	76	39	4	54	76	17	4	54	76	17	3	31	43	10	2	99	43	10	2	99	27	10	2	99	27	71	2	99	27	71	7	99	27	71	7	1	29	78	7	2	23	78	7	2	23	8	9	2	28	9	66	2	28	9	67	10	28	9	67	10	21	9	67	10	21	8	67	10	21	8	1	23	49	20	2	75	49	20	2	75	10	20	2	75	10	7	1	31	4	3	89	31	4	3	89	10	4	3	89	10	29	3	89	10	29	44	89	10	29	44	4	19	57	85	8	4
2019-06-09	94	13	14	5	3	83	93	34	19	18	93	34	19	18	5	97	55	51	15	1	96	88	26	2	12	92	27	3	12	4	78	8	36	11	46	8	37	11	47	68	37	11	47	68	23	4	15	21	7	48	15	21	7	48	2	21	7	48	2	80	7	48	2	80	1	48	2	80	1	4	1	73	1	4	96	73	1	4	96	14	1	4	97	14	2	4	96	14	2	2	96	14	2	2	1	85	10	11	7	21	5	5	3	10	45	5	3	10	46	8	3	10	46	8	3	10	44	8	3	19	44	8	3	19	10	8	3	19	10	12	3	19	10	12	37	19	10	12	37	2	18	22	65	4	35	22	65	4	35	1	32	2	17	1	80	2	17	1	80	6	17	1	80	6	61	1	80	6	61	32	80	6	61	32	6	8	93	49	10	11	93	48	10	11	4	61	12	14	4	29	13	14	4	29	4	12	3	24	3	81	3	24	3	81	28	24	3	81	28	4	3	63	22	3	76	63	22	3	76	4	22	3	76	4	3	3	76	4	3	1	76	4	3	1	6	56	40	16	89	14	40	16	89	14	24	14	80	12	22	74	80	12	22	74	1	9	15	53	1	52	15	53	1	52	10	54	1	51	11	29	1	52	10	30	49	52	10	30	49	4	0	0	1	0	92	0	1	0	92	1	1	0	92	1	1	0	92	1	1	0	92	1	1	0	1	7	7	2	7	85	8	2	7	86	2	2	7	85	2	3	7	85	2	3	31	85	2	3	31	7	5	8	78	17	55	8	77	17	55	14	78	17	55	14	28	21	68	17	34	1	68	17	34	1	18	20	41	1	21	1	34	1	18	1	75	0	9	1	36	40	9	1	36	40	9	1	36	40	9	9	36	40	9	9	1	40	9	9	1	11	42	43	4	52	75	43	4	52	75	22	4	52	75	22	3	30	43	13	2	100	43	13	2	100	27	13	2	100	27	71	2	100	27	71	7	100	27	71	7	2	30	78	7	2	26	78	7	2	26	8	9	2	32	10	73	2	31	10	73	10	31	10	73	10	22	10	73	10	22	8	73	10	22	8	1	23	53	20	2	74	53	20	2	74	11	20	2	74	11	6	1	30	5	3	92	30	5	3	92	10	5	3	92	10	31	3	93	10	30	45	92	10	31	45	5	20	60	86	9	5
2019-06-16	94	13	14	5	3	85	95	32	19	18	95	32	19	18	5	91	55	52	15	1	96	90	26	2	12	94	27	3	13	4	79	8	37	10	47	8	37	10	48	71	37	10	48	71	24	3	15	22	7	46	15	22	7	46	2	22	7	46	2	79	7	46	2	79	1	46	2	79	1	4	2	73	1	4	96	73	1	4	96	14	1	4	95	15	2	4	96	14	2	2	96	14	2	2	1	88	10	11	7	21	5	6	3	11	49	5	3	10	50	8	3	10	50	8	3	10	48	8	3	20	48	8	3	20	10	8	3	20	10	13	3	20	10	13	37	20	10	13	37	3	18	22	66	5	33	22	66	5	33	1	33	2	16	1	79	2	16	1	79	6	16	1	79	6	63	1	79	6	63	32	79	6	63	32	7	9	96	49	10	12	95	49	10	12	4	61	13	15	4	29	13	15	5	29	4	12	4	24	3	75	4	24	3	75	29	24	3	75	29	4	3	59	23	3	83	59	23	3	83	4	23	3	83	4	3	3	83	4	3	1	83	4	3	1	6	56	38	15	89	16	38	15	89	16	27	13	81	15	24	81	81	15	24	81	1	10	17	57	1	50	17	57	1	50	11	60	1	51	11	30	1	50	11	31	48	50	11	31	48	5	0	0	1	0	93	0	1	0	93	0	1	0	93	0	1	0	93	0	1	0	93	0	1	0	1	6	8	2	7	96	8	2	8	97	2	2	7	96	2	3	7	96	2	3	31	96	2	3	31	7	5	8	77	17	54	8	75	16	53	12	77	17	54	12	30	21	66	15	37	0	66	15	37	0	17	17	42	1	19	2	36	0	17	2	79	0	8	1	38	43	8	1	38	43	9	1	38	43	9	9	38	43	9	9	1	43	9	9	1	11	42	40	4	52	80	40	4	52	80	24	4	52	80	24	3	30	46	13	1	94	46	13	1	94	31	13	1	94	31	68	1	94	31	68	7	94	31	68	7	2	34	74	8	2	25	74	8	2	25	8	9	3	30	9	86	2	30	10	86	13	30	10	86	13	20	10	86	13	20	9	86	13	20	9	1	30	47	21	3	71	47	21	3	71	11	21	3	71	11	7	1	29	5	3	96	29	5	3	96	10	5	3	96	10	28	3	97	11	28	45	96	10	28	45	4	20	54	87	8	4
2019-06-23	91	13	14	5	3	83	89	32	18	18	89	32	18	18	5	92	52	51	16	1	91	89	27	2	12	93	28	3	13	4	82	7	38	10	46	7	39	10	47	75	39	10	47	75	23	3	15	24	7	45	15	24	7	45	2	24	7	45	2	76	7	45	2	76	1	45	2	76	1	4	2	71	1	4	94	71	1	4	94	14	1	4	94	14	1	4	94	14	2	2	94	14	2	2	1	86	9	10	6	21	4	5	3	10	56	5	3	10	56	8	3	10	56	8	3	10	54	7	3	21	54	7	3	21	9	7	3	21	9	12	3	21	9	12	35	21	9	12	35	2	17	21	63	4	30	21	63	4	30	1	31	2	15	1	78	2	15	1	78	5	15	1	78	5	62	1	78	5	62	30	78	5	62	30	7	8	94	46	11	12	93	46	10	12	3	57	13	15	4	28	13	15	4	28	4	12	3	23	3	71	3	23	3	71	30	23	3	71	30	4	3	56	23	3	89	56	23	3	89	4	23	3	89	4	3	3	89	4	3	1	89	4	3	1	6	55	40	15	87	16	40	15	87	16	27	13	78	14	24	74	78	14	24	74	1	10	17	52	1	44	17	52	1	44	10	53	1	45	11	41	1	44	10	41	50	44	10	41	50	4	0	1	1	0	92	1	1	0	92	0	1	0	92	0	1	0	92	0	1	0	92	0	1	0	0	5	8	2	7	99	8	2	7	99	2	2	7	99	2	3	7	99	2	3	29	99	2	3	29	6	5	7	72	15	52	8	73	16	52	12	72	15	52	12	28	19	64	15	35	0	64	15	35	0	16	17	39	0	19	1	34	0	16	1	84	0	8	1	41	39	8	1	41	39	8	1	41	39	8	9	41	39	8	9	1	39	8	9	1	12	39	45	4	55	74	45	4	55	74	26	4	55	74	26	3	31	42	15	2	82	42	15	2	82	35	15	2	82	35	64	2	82	35	64	6	82	35	64	6	2	38	70	7	2	24	70	7	2	24	8	8	2	29	10	85	2	29	10	86	10	29	10	86	10	21	10	86	10	21	9	86	10	21	9	1	24	49	20	2	67	49	20	2	67	9	20	2	67	9	8	1	28	4	3	97	28	4	3	97	10	4	3	97	10	25	3	98	11	25	44	97	10	25	44	3	20	48	84	7	3
2019-06-30	91	12	14	5	3	81	92	32	17	19	92	32	17	19	6	91	49	53	17	1	86	92	29	2	13	97	30	3	13	4	87	7	38	12	46	8	39	12	47	82	39	12	47	82	23	4	15	26	7	45	15	26	7	45	2	26	7	45	2	79	7	45	2	79	1	45	2	79	1	4	2	73	1	4	97	73	1	4	97	14	1	3	97	14	2	4	97	14	2	2	97	14	2	2	1	86	10	10	6	22	5	5	3	11	66	5	3	11	67	8	3	11	67	8	3	10	64	8	3	23	64	8	3	23	10	8	3	23	10	12	3	23	10	12	36	23	10	12	36	3	17	22	64	5	30	22	64	5	30	1	32	2	15	1	78	2	15	1	78	6	15	1	78	6	63	1	78	6	63	31	78	6	63	31	7	9	97	47	11	13	96	47	11	13	3	59	14	16	4	27	14	16	4	28	4	13	3	22	4	72	3	22	4	72	31	22	4	72	31	4	3	57	24	3	100	57	24	3	100	4	24	3	100	4	3	3	100	4	3	1	100	4	3	1	6	52	42	15	85	16	42	15	85	16	24	14	76	14	21	73	76	14	21	73	1	10	15	52	0	37	15	52	0	37	10	52	1	38	10	34	0	37	10	34	53	37	10	34	53	4	0	0	1	0	92	0	1	0	92	0	1	0	92	0	1	0	92	0	1	0	92	0	1	0	1	6	8	2	7	94	8	2	7	94	2	2	7	94	2	3	7	94	2	3	29	94	2	3	29	6	5	7	73	16	51	7	74	16	51	12	73	16	51	12	30	20	63	15	38	1	63	15	38	1	17	18	44	1	19	1	37	1	17	1	87	0	8	1	42	39	8	1	42	39	8	0	42	40	8	9	42	40	8	9	1	40	8	9	1	12	40	43	3	57	74	43	3	57	74	26	3	57	74	26	2	32	42	15	1	77	42	15	1	77	31	15	1	77	31	64	1	77	31	64	6	77	31	64	6	1	33	70	6	2	25	70	6	2	25	9	7	2	29	11	88	2	30	10	88	9	30	10	88	9	19	10	88	9	19	9	88	9	19	9	1	21	46	20	2	72	46	20	2	72	10	20	2	72	10	7	1	30	4	3	96	30	4	3	96	11	4	3	96	11	29	3	98	11	28	41	96	11	29	42	4	22	55	81	8	4
2019-07-07	89	12	14	5	3	83	91	33	19	19	91	33	19	19	6	92	55	55	17	1	95	95	29	2	12	100	31	2	13	4	89	7	38	11	48	7	39	11	49	86	39	11	49	86	24	4	16	27	8	45	16	27	8	45	2	27	8	45	2	80	8	45	2	80	1	45	2	80	1	4	2	74	1	4	93	74	1	4	93	15	1	4	94	15	2	4	93	15	2	2	93	15	2	2	1	89	11	11	7	24	5	5	3	12	78	5	3	12	78	8	3	12	78	8	3	11	75	7	3	24	75	7	3	24	10	7	3	24	10	13	3	24	10	13	36	24	10	13	36	2	18	23	64	4	31	23	64	4	31	1	32	2	15	1	80	2	15	1	80	6	15	1	80	6	62	1	80	6	62	33	80	6	62	33	8	9	95	51	12	12	94	50	11	12	4	63	14	15	4	28	14	15	5	28	4	12	4	23	3	77	4	23	3	77	30	23	3	77	30	5	3	60	23	4	88	60	23	4	88	4	23	4	88	4	3	4	88	4	3	1	88	4	3	1	6	55	40	16	88	16	40	16	88	16	23	14	79	14	21	78	79	14	21	78	1	10	15	55	1	45	15	55	1	45	10	56	1	44	9	39	1	45	10	37	51	45	10	37	51	3	0	1	1	0	95	1	1	0	95	0	1	0	95	0	1	0	95	0	1	0	95	0	1	0	1	6	8	2	7	87	8	2	7	86	2	2	7	87	2	3	7	87	2	3	31	87	2	3	31	7	5	8	76	18	52	8	75	17	52	13	76	18	52	14	28	22	65	17	35	1	65	17	35	1	18	19	41	1	22	1	34	1	18	1	93	0	9	0	45	40	9	0	45	40	8	0	45	40	8	9	45	40	8	9	1	40	8	9	1	11	39	43	4	54	74	43	4	54	74	23	4	54	74	23	3	31	43	13	2	70	43	13	2	70	27	13	2	70	27	65	2	70	27	65	6	70	27	65	6	2	30	70	6	2	25	70	6	2	25	8	8	3	31	10	83	3	30	9	81	11	30	9	81	11	20	9	81	11	20	9	81	11	20	9	1	25	48	20	2	74	48	20	2	74	10	20	2	74	10	7	1	31	4	3	95	31	4	3	95	11	4	3	95	11	29	3	97	11	27	40	95	11	29	40	5	21	56	78	9	5
2019-07-14	90	12	14	5	3	81	93	32	18	19	93	32	18	19	5	91	52	54	15	1	90	94	26	2	13	98	28	3	13	4	80	8	39	11	48	8	40	12	49	92	40	12	49	92	25	4	15	29	8	46	15	29	8	46	2	29	8	46	2	82	8	46	2	82	1	46	2	82	1	4	2	76	1	4	95	76	1	4	95	14	1	4	94	14	2	4	95	14	2	2	95	14	2	2	1	85	11	11	7	23	5	5	3	11	87	5	3	11	89	8	3	11	89	8	3	10	85	8	3	25	85	8	3	25	10	8	3	25	10	14	3	25	10	14	37	25	10	14	37	2	17	24	66	4	32	24	66	4	32	1	32	2	16	1	82	2	16	1	82	6	16	1	82	6	64	1	82	6	64	35	82	6	64	35	8	9	97	54	12	12	96	53	11	12	3	67	14	15	4	28	14	16	4	29	4	13	4	23	4	76	4	23	4	76	30	23	4	76	30	6	3	60	23	5	87	60	23	5	87	4	23	5	87	4	3	5	87	4	3	1	87	4	3	1	6	55	40	15	90	16	40	15	90	16	23	14	81	14	21	84	81	14	21	84	1	10	15	60	1	45	15	60	1	45	10	59	1	46	10	35	1	45	10	35	55	45	10	35	55	4	0	0	1	0	95	0	1	0	95	0	1	0	95	0	1	0	95	0	1	0	95	0	1	0	1	6	8	2	7	99	8	2	7	100	2	2	7	99	2	3	7	99	2	3	31	99	2	3	31	7	5	7	78	19	53	7	78	19	52	20	78	19	53	20	30	23	66	25	38	0	66	25	38	0	18	29	43	1	20	1	37	0	17	1	97	0	8	0	46	40	8	0	46	40	9	0	47	41	9	9	47	41	9	9	1	41	9	9	1	12	44	43	3	58	79	43	3	58	79	29	3	58	79	29	3	33	45	16	2	60	45	16	2	60	28	16	2	60	28	67	2	60	28	67	7	60	28	67	7	2	30	72	7	2	26	72	7	2	26	8	9	3	31	10	85	2	31	10	85	10	31	10	85	10	21	10	85	10	21	9	85	10	21	9	1	23	50	22	2	75	50	22	2	75	10	22	2	75	10	9	1	31	4	4	96	31	4	4	96	11	4	4	96	11	30	4	92	11	30	47	96	11	30	47	4	21	58	91	7	5
2019-07-21	91	12	14	5	3	81	93	32	18	19	93	32	18	19	6	90	50	54	16	1	86	94	27	3	13	98	29	3	14	4	83	8	39	11	49	8	40	11	50	96	40	11	50	96	23	3	16	30	7	49	16	30	7	49	2	30	7	49	2	86	7	49	2	86	1	49	2	86	1	4	2	80	1	4	98	80	1	4	98	14	1	4	96	14	2	4	98	14	2	2	98	14	2	2	1	87	11	11	7	23	5	5	3	12	97	5	4	11	98	8	4	11	98	8	3	11	93	8	3	28	93	8	3	28	10	8	3	28	10	14	3	28	10	14	37	28	10	14	37	2	18	25	67	4	33	25	67	4	33	2	33	2	16	1	84	2	16	1	84	6	16	1	84	6	65	1	84	6	65	34	84	6	65	34	8	9	100	51	12	13	100	51	12	13	4	64	15	16	4	29	15	16	5	29	4	13	4	24	4	76	4	24	4	76	30	24	4	76	30	5	3	60	23	4	96	60	23	4	96	4	23	4	96	4	3	4	96	4	3	1	96	4	3	1	7	56	41	14	97	18	41	14	97	18	24	13	88	16	22	83	88	16	22	83	1	11	15	59	1	45	15	59	1	45	10	59	1	45	11	31	1	45	10	31	52	45	10	31	52	4	0	0	1	0	96	0	1	0	96	0	1	0	96	0	1	0	96	0	1	0	96	0	1	0	1	6	7	2	7	100	7	2	7	100	2	2	7	100	2	3	7	100	2	3	30	100	2	3	30	7	4	7	75	17	50	7	76	17	50	21	75	17	50	21	30	20	62	26	37	0	62	26	37	0	17	30	42	1	20	1	37	0	17	1	93	0	8	1	45	42	8	1	45	42	8	1	45	41	8	9	45	41	8	9	1	41	8	9	1	12	40	42	4	55	84	42	4	55	84	20	4	55	84	20	3	31	48	11	2	57	48	11	2	57	31	11	2	57	31	61	2	57	31	61	8	57	31	61	8	2	34	66	8	2	26	66	8	2	26	8	11	2	31	10	100	2	32	10	100	8	32	10	100	8	22	10	100	8	22	9	100	8	22	9	1	20	52	22	2	76	52	22	2	76	9	22	2	76	9	8	1	31	4	3	99	31	4	3	99	13	4	3	99	13	28	3	98	13	27	43	99	13	28	43	5	25	54	82	9	3
2019-07-28	89	12	14	5	3	80	90	31	17	19	90	31	17	19	5	89	49	55	15	1	86	95	26	3	13	99	28	3	13	4	81	8	38	11	49	8	39	11	50	98	39	11	50	98	23	3	16	31	7	50	16	31	7	50	2	31	7	50	2	89	7	50	2	89	1	50	2	89	1	4	2	82	1	4	100	82	1	4	100	14	1	4	100	14	2	4	100	14	2	2	100	14	2	2	1	87	12	11	7	23	6	5	3	11	100	6	3	11	100	9	3	11	100	9	3	11	95	8	3	29	95	8	3	29	10	8	3	29	10	13	3	29	10	13	38	29	10	13	38	2	18	24	68	4	33	24	68	4	33	1	33	2	16	1	87	2	16	1	87	6	16	1	87	6	65	1	87	6	65	34	87	6	65	34	8	9	100	51	12	12	98	51	12	12	4	64	15	15	4	29	15	15	4	29	6	12	4	24	5	78	4	24	5	78	30	24	5	78	30	6	4	61	23	5	89	61	23	5	89	4	23	5	89	4	3	5	89	4	3	1	89	4	3	1	6	53	41	16	91	15	41	16	91	15	21	15	82	13	19	84	82	13	19	84	1	9	13	59	1	49	13	59	1	49	11	59	1	48	11	29	1	49	11	29	51	49	11	29	51	5	0	0	1	0	94	0	1	0	94	0	1	0	94	0	1	0	94	0	1	0	94	0	1	0	1	6	7	2	7	91	7	2	7	91	2	2	7	91	2	3	7	91	2	3	33	91	2	3	33	7	5	7	81	18	52	7	80	18	53	18	81	18	52	18	31	22	65	23	38	1	65	23	38	1	19	26	44	1	22	1	37	1	19	1	95	0	9	1	46	41	9	1	46	41	9	1	46	40	9	9	46	40	9	9	1	40	9	9	1	11	41	41	4	52	85	41	4	52	85	18	4	52	85	18	2	30	49	10	1	54	49	10	1	54	31	10	1	54	31	66	1	54	31	66	14	54	31	66	14	2	33	71	15	2	28	71	15	2	28	9	20	2	33	10	90	2	33	11	90	9	33	11	90	9	22	11	90	9	22	8	90	9	22	8	0	22	52	19	1	76	52	19	1	76	10	19	1	76	10	8	0	31	4	3	100	31	4	3	100	13	4	3	100	13	29	3	100	13	29	45	100	13	29	45	4	25	57	87	8	5
2019-08-04	90	12	14	5	3	81	92	32	17	19	92	32	17	19	5	91	48	54	16	2	83	93	27	3	12	97	28	3	13	4	82	8	37	11	48	8	37	11	49	100	37	11	49	100	22	4	15	32	7	53	15	32	7	53	2	32	7	53	2	94	7	53	2	94	1	53	2	94	1	4	2	87	1	4	97	87	1	4	97	14	1	4	96	14	2	4	97	14	2	2	97	14	2	2	1	87	11	11	6	22	6	5	3	11	99	5	3	11	100	8	3	11	100	8	3	10	96	8	3	29	96	8	3	29	10	8	3	29	10	13	3	29	10	13	38	29	10	13	38	2	18	22	67	4	33	22	67	4	33	1	33	2	16	1	86	2	16	1	86	6	16	1	86	6	63	1	86	6	63	34	86	6	63	34	8	9	97	52	12	12	96	52	12	13	4	64	15	16	4	30	15	16	5	29	5	13	4	24	4	79	4	24	4	79	29	24	4	79	29	6	3	62	23	5	85	62	23	5	85	4	23	5	85	4	3	5	85	4	3	1	85	4	3	1	7	51	44	21	95	15	44	21	95	15	22	19	86	14	20	87	86	14	20	87	1	10	14	62	1	52	14	62	1	52	10	63	1	51	10	26	1	52	10	25	52	52	10	25	52	5	0	0	1	0	94	0	1	0	94	0	1	0	94	0	1	0	94	0	1	0	94	0	1	0	1	7	8	2	8	81	8	2	8	81	2	2	8	81	2	3	8	81	2	3	33	81	2	3	33	8	4	8	82	19	52	8	82	19	52	20	82	19	52	20	32	24	64	24	39	1	64	24	39	1	18	29	46	1	22	1	39	1	18	1	96	0	9	1	47	41	9	1	47	41	8	0	46	41	8	10	46	41	8	10	1	41	8	10	1	12	37	47	5	57	84	47	5	57	84	18	5	57	84	18	3	32	48	11	2	52	48	11	2	52	29	11	2	52	29	64	2	52	29	64	8	52	29	64	8	2	31	70	9	2	26	70	9	2	26	9	11	2	31	11	88	2	31	10	87	9	31	10	87	9	22	10	87	9	22	10	87	9	22	10	1	22	52	24	1	82	52	24	1	82	10	24	1	82	10	7	1	34	4	3	95	34	4	3	95	14	4	3	95	14	30	3	94	14	29	45	95	14	30	45	5	27	59	86	10	5
2019-08-11	92	12	14	5	3	81	91	34	17	18	91	34	17	18	5	98	50	52	15	2	86	90	27	3	12	94	28	3	13	3	81	8	37	9	46	8	38	10	47	98	38	10	47	98	24	3	15	31	7	57	15	31	7	57	2	31	7	57	2	93	7	57	2	93	1	57	2	93	1	4	2	86	1	4	98	86	1	4	98	14	1	4	98	14	2	4	98	14	2	2	98	14	2	2	1	84	12	10	7	23	6	5	3	12	97	5	3	11	98	8	3	11	98	8	3	11	94	8	3	27	94	8	3	27	11	8	3	27	11	13	3	27	11	13	37	27	11	13	37	2	20	22	65	4	36	22	65	4	36	1	32	2	18	1	85	2	18	1	85	6	18	1	85	6	65	1	85	6	65	37	85	6	65	37	8	9	99	56	11	13	100	56	11	13	4	70	14	16	5	32	14	16	5	33	5	13	4	27	4	84	4	27	4	84	29	27	4	84	29	6	3	66	23	5	80	66	23	5	80	4	23	5	80	4	3	5	80	4	3	2	80	4	3	2	7	52	47	24	100	11	47	24	100	11	23	22	90	10	21	87	90	10	21	87	1	7	15	62	1	57	15	62	1	57	11	62	1	60	11	22	1	57	11	22	50	57	11	22	50	4	0	0	1	0	95	0	1	0	95	1	1	0	95	1	1	0	95	1	1	0	95	1	1	0	1	7	8	2	7	82	8	2	7	83	2	2	7	82	2	3	7	82	2	3	34	82	2	3	34	8	5	8	84	19	52	9	85	19	53	27	84	19	52	28	35	23	64	34	44	1	64	34	44	1	19	39	49	1	22	1	43	1	19	1	94	0	9	1	47	43	9	1	47	43	8	1	45	43	8	9	45	43	8	9	1	43	8	9	1	12	38	43	4	59	88	43	4	59	88	19	4	59	88	19	2	34	50	11	1	50	50	11	1	50	29	11	1	50	29	66	1	50	29	66	7	50	29	66	7	2	32	71	8	2	25	71	8	2	25	9	10	2	30	12	86	2	30	11	86	11	30	11	86	11	23	11	86	11	23	8	86	11	23	8	1	26	56	19	2	81	56	19	2	81	11	19	2	81	11	8	1	34	4	3	91	34	4	3	91	14	4	3	91	14	34	3	92	14	33	51	91	14	34	49	4	26	65	95	8	12
2019-08-18	88	13	15	5	3	88	96	34	19	17	96	34	19	17	5	97	54	50	15	1	93	86	27	3	12	90	28	3	12	3	81	8	35	9	49	8	36	10	51	91	36	10	51	91	23	3	16	29	7	66	16	29	7	66	2	29	7	66	2	97	7	66	2	97	1	66	2	97	1	4	2	90	1	4	94	90	1	4	94	15	1	4	92	14	2	4	94	15	2	2	94	15	2	2	1	88	13	11	7	22	6	5	4	11	90	5	4	10	90	9	4	10	90	9	3	10	86	9	3	27	86	9	3	27	11	9	3	27	11	13	3	27	11	13	38	27	11	13	38	2	20	23	67	4	34	23	67	4	34	1	33	2	17	1	88	2	17	1	88	6	17	1	88	6	66	1	88	6	66	36	88	6	66	36	8	10	100	55	13	13	99	54	13	13	4	68	16	16	5	30	16	17	5	30	5	13	4	25	4	83	4	25	4	83	30	25	4	83	30	6	3	65	23	4	73	65	23	4	73	4	23	4	73	4	3	4	73	4	3	1	73	4	3	1	6	56	44	19	94	13	44	19	94	13	27	17	85	12	24	88	85	12	24	88	1	8	17	63	1	52	17	63	1	52	11	64	1	52	11	20	1	52	11	20	49	52	11	20	49	5	0	0	1	0	95	0	1	0	95	0	1	0	95	0	1	0	95	0	1	0	95	0	1	0	1	6	8	2	7	85	8	2	8	86	2	2	7	85	2	3	7	85	2	3	34	85	2	3	34	7	5	8	83	19	54	8	83	19	55	38	83	19	54	39	38	23	67	49	47	1	67	49	47	1	18	55	53	1	21	1	46	1	18	1	98	0	9	1	48	40	9	1	48	40	8	0	47	40	8	9	47	40	8	9	1	40	8	9	1	11	39	42	4	53	90	42	4	53	90	21	4	53	90	21	3	30	51	12	2	49	51	12	2	49	27	12	2	49	27	65	2	49	27	65	8	49	27	65	8	2	29	70	9	2	25	70	9	2	25	9	11	2	31	10	76	2	30	10	76	10	30	10	76	10	23	10	76	10	23	8	76	10	23	8	1	23	55	20	2	78	55	20	2	78	11	20	2	78	11	8	1	32	4	3	99	32	4	3	99	14	4	3	99	14	32	3	98	14	32	49	99	14	32	46	5	27	61	90	9	5
2019-08-25	88	13	14	5	3	88	94	34	19	16	94	34	19	16	5	96	53	46	15	1	92	80	25	2	11	84	27	3	12	3	77	7	34	9	47	8	35	10	48	87	35	10	48	87	23	3	15	28	7	64	15	28	7	64	2	28	7	64	2	95	7	64	2	95	1	64	2	95	1	4	2	87	1	4	91	87	1	4	91	14	1	4	90	14	2	4	91	14	2	2	91	14	2	2	1	88	12	11	7	20	6	5	3	10	80	6	3	10	80	9	3	10	80	9	3	9	77	8	3	26	77	8	3	26	10	8	3	26	10	12	3	26	10	12	38	26	10	12	38	2	18	21	67	4	32	21	67	4	32	1	33	2	16	1	87	2	16	1	87	6	16	1	87	6	65	1	87	6	65	34	87	6	65	34	8	10	99	51	12	12	98	51	12	12	4	64	15	15	4	28	15	15	5	28	4	13	4	23	3	81	4	23	3	81	30	23	3	81	30	5	3	64	23	4	65	64	23	4	65	3	23	4	65	3	3	4	65	3	3	1	65	3	3	1	6	50	42	16	92	15	42	16	92	15	30	15	83	13	27	86	83	13	27	86	1	9	19	61	1	49	19	61	1	49	10	62	1	48	10	18	1	49	10	18	42	49	10	18	42	5	0	0	1	0	93	0	1	0	93	0	1	0	93	0	1	0	93	0	1	0	93	0	1	0	1	6	8	2	7	76	8	2	7	75	2	2	7	76	2	3	7	76	2	3	33	76	2	3	33	8	5	8	83	19	54	8	84	20	54	41	83	19	54	41	42	24	67	50	53	1	67	50	53	1	19	58	60	1	21	1	52	1	18	1	92	1	9	0	44	40	9	0	44	40	8	0	45	39	8	9	45	39	8	9	1	39	8	9	1	11	38	42	4	54	78	42	4	54	78	19	4	54	78	19	2	31	45	11	1	47	45	11	1	47	26	11	1	47	26	62	1	47	26	62	7	47	26	62	7	2	29	67	8	2	26	67	8	2	26	9	9	2	31	11	72	2	31	11	73	11	31	11	73	11	24	11	73	11	24	9	73	11	24	9	1	26	57	21	2	75	57	21	2	75	10	21	2	75	10	9	1	31	4	4	96	31	4	4	96	11	4	4	96	11	32	3	94	11	32	44	96	11	32	45	4	22	62	86	8	4
2019-09-01	84	14	14	5	3	93	92	33	18	15	92	33	18	15	5	93	52	43	14	1	90	74	24	2	11	78	26	3	11	3	74	7	32	9	47	7	33	10	48	78	33	10	48	78	22	3	15	25	7	72	15	25	7	72	2	25	7	72	2	96	7	72	2	96	1	72	2	96	1	4	2	88	1	4	89	88	1	4	89	14	1	4	89	14	2	4	89	14	2	2	89	14	2	2	1	87	12	11	7	18	6	5	3	9	73	5	3	9	73	8	3	9	73	8	3	9	70	8	3	24	70	8	3	24	10	8	3	24	10	12	3	24	10	12	38	24	10	12	38	2	18	21	68	4	30	21	68	4	30	1	34	2	15	0	89	2	15	0	89	6	15	0	89	6	61	0	89	6	61	33	89	6	61	33	7	10	93	50	11	12	92	50	11	12	3	63	14	15	4	29	14	15	4	29	4	13	4	24	4	79	4	24	4	79	31	24	4	79	31	4	3	62	24	3	57	62	24	3	57	3	24	3	57	3	3	3	57	3	3	1	57	3	3	1	6	49	42	19	86	16	42	19	86	16	32	17	78	14	29	87	78	14	29	87	3	10	21	62	2	63	21	62	2	63	10	63	2	63	10	16	2	63	10	16	40	63	10	16	40	5	0	0	1	0	91	0	1	0	91	0	1	0	91	0	1	0	91	0	1	0	91	0	1	0	1	6	8	2	7	71	8	2	7	70	2	2	7	71	2	3	7	71	2	3	36	71	2	3	36	9	5	8	90	22	53	8	91	22	53	32	90	22	53	32	48	27	66	40	59	1	66	40	59	1	19	46	67	1	22	1	58	1	19	1	86	0	9	0	42	36	9	0	42	36	8	0	41	37	8	8	41	37	8	8	1	37	8	8	1	11	38	39	4	54	76	39	4	54	76	18	4	54	76	18	4	31	44	10	2	45	44	10	2	45	24	10	2	45	24	62	2	45	24	62	8	45	24	62	8	2	26	68	9	2	25	68	9	2	25	10	10	2	30	12	59	2	29	11	58	11	29	11	58	11	24	11	58	11	24	10	58	11	24	10	1	25	58	23	1	77	58	23	1	77	10	23	1	77	10	8	1	32	4	3	85	32	4	3	85	10	4	3	85	10	32	3	85	10	32	41	85	10	32	43	4	19	62	83	8	4
2019-09-08	85	13	14	5	3	88	91	34	20	15	91	34	20	15	5	97	57	42	14	1	98	73	25	2	10	76	26	2	11	4	75	7	32	10	46	7	32	11	47	70	32	11	47	70	23	3	15	22	7	78	15	22	7	78	2	22	7	78	2	88	7	78	2	88	1	78	2	88	1	4	2	81	1	4	86	81	1	4	86	14	1	4	86	14	2	4	86	14	2	2	86	14	2	2	1	87	13	11	7	19	6	5	3	9	65	5	4	9	66	9	4	9	66	9	3	9	63	8	3	23	63	8	3	23	10	8	3	23	10	14	3	23	10	14	39	23	10	14	39	2	18	25	69	4	30	25	69	4	30	1	34	2	15	0	88	2	15	0	88	6	15	0	88	6	61	0	88	6	61	34	88	6	61	34	8	10	93	52	12	13	92	52	12	13	3	65	14	16	4	29	15	16	4	30	5	14	4	24	4	82	4	24	4	82	30	24	4	82	30	4	3	65	24	3	50	65	24	3	50	3	24	3	50	3	3	3	50	3	3	1	50	3	3	1	6	50	41	19	86	15	41	19	86	15	33	17	78	13	30	88	78	13	30	88	2	10	21	62	2	65	21	62	2	65	11	61	2	66	12	15	2	65	11	15	36	65	11	15	36	5	0	0	0	0	92	0	0	0	92	0	0	0	92	0	1	0	92	0	1	0	92	0	1	0	1	7	8	2	7	69	8	2	8	70	2	2	7	69	2	4	7	69	2	4	36	69	2	4	36	9	5	10	91	22	54	10	91	22	54	34	91	22	54	34	70	27	66	43	87	1	66	43	87	1	19	49	100	1	22	1	85	1	18	1	91	0	9	1	44	45	9	1	44	45	8	1	44	46	8	9	44	46	8	9	1	46	8	9	1	11	36	41	3	54	77	41	3	54	77	18	3	54	77	18	3	31	44	10	2	45	44	10	2	45	21	10	2	45	21	61	2	45	21	61	8	45	21	61	8	2	23	67	9	2	25	67	9	2	25	10	11	2	28	13	50	2	29	12	51	12	29	12	51	12	27	12	51	12	27	9	51	12	27	9	1	30	63	22	2	77	63	22	2	77	9	22	2	77	9	7	1	32	4	3	93	32	4	3	93	10	4	3	93	10	30	3	93	10	31	48	93	10	30	48	4	19	59	93	9	5
2019-09-15	83	13	13	5	3	86	88	34	19	15	88	34	19	15	5	97	55	42	14	1	95	73	25	2	10	76	26	3	10	4	74	7	30	11	47	8	31	11	48	64	31	11	48	64	24	4	15	20	8	86	15	20	8	86	2	20	8	86	2	83	8	86	2	83	1	86	2	83	1	4	2	76	1	4	86	76	1	4	86	14	1	4	86	14	2	4	86	14	2	2	86	14	2	2	1	87	13	11	7	20	6	5	3	10	58	5	3	10	59	8	3	10	59	8	3	9	56	8	3	23	56	8	3	23	10	8	3	23	10	13	3	23	10	13	39	23	10	13	39	2	18	22	69	4	32	22	69	4	32	1	34	2	16	0	91	2	16	0	91	6	16	0	91	6	62	0	91	6	62	33	91	6	62	33	8	10	95	50	12	19	93	49	12	19	3	62	15	24	4	30	15	24	4	31	5	20	4	25	4	80	4	25	4	80	34	25	4	80	34	3	3	63	27	3	46	63	27	3	46	3	27	3	46	3	3	3	46	3	3	1	46	3	3	1	6	48	39	19	88	16	39	19	88	16	33	17	80	14	30	85	80	14	30	85	3	10	21	60	2	66	21	60	2	66	11	61	2	68	11	14	2	66	11	14	34	66	11	14	34	4	0	0	0	0	100	0	0	0	100	1	0	0	100	1	1	0	100	1	1	0	100	1	1	0	1	7	8	2	8	66	8	2	8	66	2	2	8	66	2	4	8	66	2	4	35	66	2	4	35	9	5	10	88	22	55	10	86	22	55	41	88	22	55	40	54	27	68	50	67	1	68	50	67	1	19	59	77	1	22	2	66	1	19	2	90	0	9	1	43	38	9	1	43	38	7	1	44	38	7	10	44	38	7	10	1	38	7	10	1	11	33	48	4	54	81	48	4	54	81	17	4	54	81	17	3	31	46	10	2	45	46	10	2	45	21	10	2	45	21	64	2	45	21	64	6	45	21	64	6	2	23	70	7	2	26	70	7	2	26	11	8	3	31	12	50	3	30	13	50	13	30	13	50	13	30	13	50	13	30	10	50	13	30	10	1	30	71	23	2	78	71	23	2	78	12	23	2	78	12	9	1	32	5	4	91	32	5	4	91	10	5	4	91	10	32	3	92	10	33	46	91	10	32	45	4	19	62	87	9	4
2019-09-22	85	13	14	5	3	88	93	33	20	15	93	33	20	15	5	95	56	42	14	1	97	73	24	2	9	76	25	3	10	4	72	8	28	10	47	8	29	11	48	59	29	11	48	59	24	3	15	19	8	95	15	19	8	95	2	19	8	95	2	79	8	95	2	79	1	95	2	79	1	4	2	72	1	4	85	72	1	4	85	14	1	4	84	14	2	4	85	14	2	2	85	14	2	2	1	84	13	12	7	26	6	6	3	13	52	6	4	13	53	9	4	13	53	9	3	12	50	9	3	22	50	9	3	22	11	9	3	22	11	13	3	22	11	13	40	22	11	13	40	2	19	23	72	4	32	23	72	4	32	1	35	2	16	0	91	2	16	0	91	6	16	0	91	6	64	0	91	6	64	33	91	6	64	33	8	9	98	50	11	17	97	50	11	16	3	63	14	21	4	29	14	21	4	29	4	17	3	24	3	81	3	24	3	81	37	24	3	81	37	3	3	64	29	2	41	64	29	2	41	3	29	2	41	3	3	2	41	3	3	1	41	3	3	1	6	49	36	17	86	15	36	17	86	15	37	15	77	14	33	94	77	14	33	94	4	10	23	67	2	69	23	67	2	69	10	69	3	68	10	14	2	69	10	14	31	69	10	14	31	5	0	0	0	0	93	0	0	0	93	1	0	0	93	1	1	0	93	1	1	0	93	1	1	0	1	7	8	2	8	64	8	2	8	65	2	2	8	64	2	5	8	64	2	5	36	64	2	5	36	9	5	11	90	22	57	12	90	22	56	49	90	22	57	49	50	28	71	60	62	1	71	60	62	1	19	71	71	1	21	2	61	1	18	2	84	0	9	1	41	39	9	1	41	39	8	1	41	39	8	10	41	39	8	10	1	39	8	10	1	11	37	46	3	53	80	46	3	53	80	18	3	53	80	18	3	30	46	11	2	44	46	11	2	44	20	11	2	44	20	58	2	44	20	58	7	44	20	58	7	2	22	63	8	2	25	63	8	2	25	10	9	3	30	12	45	2	29	12	45	15	29	12	45	15	30	12	45	15	30	8	45	15	30	8	1	35	71	20	2	80	71	20	2	80	10	20	2	80	10	9	1	33	4	4	94	33	4	4	94	9	4	4	94	9	35	3	94	9	35	45	94	9	35	46	3	17	67	89	6	4
2019-09-29	82	13	14	5	3	88	92	34	19	15	92	34	19	15	5	97	55	42	14	1	96	72	24	2	9	76	25	3	10	3	72	7	28	10	49	8	28	10	50	54	28	10	50	54	25	3	16	17	8	98	16	17	8	98	2	17	8	98	2	76	8	98	2	76	1	98	2	76	1	4	2	70	1	4	85	70	1	4	85	14	1	4	85	15	2	4	85	14	2	2	85	14	2	2	1	88	14	11	7	21	7	5	4	10	48	5	3	10	48	9	3	10	48	9	3	10	46	8	3	21	46	8	3	21	10	8	3	21	10	12	3	21	10	12	39	21	10	12	39	2	18	21	69	4	33	21	69	4	33	1	34	2	16	0	91	2	16	0	91	6	16	0	91	6	62	0	91	6	62	34	91	6	62	34	7	9	94	52	11	15	94	52	11	15	4	64	14	19	5	30	14	20	5	31	4	16	4	25	4	80	4	25	4	80	44	25	4	80	44	3	3	63	34	2	40	63	34	2	40	3	34	2	40	3	2	2	40	3	2	1	40	3	2	1	6	46	35	16	86	13	35	16	86	13	43	15	77	12	38	87	77	12	38	87	4	9	27	62	3	73	27	62	3	73	15	63	3	73	15	12	3	73	15	12	29	73	15	12	29	6	0	0	0	0	91	0	0	0	91	1	0	0	91	1	1	0	91	1	1	0	91	1	1	0	1	7	8	2	8	62	8	2	8	63	2	2	8	62	2	6	8	62	2	6	36	62	2	6	36	9	5	14	89	23	55	14	88	23	56	46	89	23	55	46	45	29	68	57	56	1	68	57	56	1	18	66	65	1	22	2	55	1	18	1	82	1	9	1	40	37	9	1	40	37	8	1	40	38	8	9	40	38	8	9	1	38	8	9	1	11	36	43	4	50	78	43	4	50	78	18	4	50	78	18	3	29	44	10	2	46	44	10	2	46	19	10	2	46	19	60	2	46	19	60	8	46	19	60	8	2	20	65	9	2	25	65	9	2	25	11	11	2	28	13	42	2	29	14	41	16	29	14	41	16	26	14	41	16	26	9	41	16	26	9	1	37	62	21	2	78	62	21	2	78	10	21	2	78	10	8	1	32	4	3	90	32	4	3	90	9	4	3	90	9	34	3	89	10	35	43	90	9	34	43	4	17	66	83	8	4
2019-10-06	82	13	14	5	3	85	94	34	19	14	94	34	19	14	5	97	55	41	14	1	95	71	24	2	9	74	25	3	9	3	72	7	27	10	48	8	27	10	49	50	27	10	49	50	27	3	15	16	8	99	15	16	8	99	2	16	8	99	2	74	8	99	2	74	1	99	2	74	1	4	2	68	1	4	82	68	1	4	82	14	1	4	82	14	2	4	82	14	2	2	82	14	2	2	1	85	14	11	7	16	7	5	4	8	42	6	3	8	43	9	3	8	43	9	3	8	41	9	3	20	41	9	3	20	11	9	3	20	11	11	3	20	11	11	40	20	11	11	40	3	19	20	70	5	34	20	70	5	34	1	35	2	17	0	91	2	17	0	91	7	17	0	91	7	61	0	91	7	61	35	91	7	61	35	7	10	92	53	11	15	91	52	11	15	3	66	14	19	4	33	14	19	4	33	5	16	4	27	4	80	4	27	4	80	49	27	4	80	49	3	3	63	39	2	36	63	39	2	36	3	39	2	36	3	2	2	36	3	2	1	36	3	2	1	6	46	36	17	87	17	36	17	87	17	43	16	79	15	39	85	79	15	39	85	4	11	27	61	3	78	27	61	3	78	13	62	3	80	13	12	3	78	13	11	27	78	13	11	27	5	0	0	0	0	91	0	0	0	91	1	0	0	91	1	1	0	91	1	1	0	91	1	1	0	1	8	8	2	8	59	8	2	8	59	2	2	8	59	2	6	8	59	2	6	35	59	2	6	35	10	5	15	87	25	57	14	87	25	58	43	87	25	57	44	47	30	71	54	59	1	71	54	59	1	19	62	68	1	22	1	58	1	19	1	80	0	9	1	38	40	9	1	38	40	7	1	38	40	7	9	38	40	7	9	1	40	7	9	1	11	33	42	4	53	83	42	4	53	83	18	4	53	83	18	4	30	47	11	2	46	47	11	2	46	18	11	2	46	18	59	2	46	18	59	8	46	18	59	8	2	20	64	9	2	23	64	9	2	23	11	11	3	27	13	38	3	28	14	38	16	28	14	38	16	25	14	38	16	25	9	38	16	25	9	1	39	58	20	2	77	58	20	2	77	11	20	2	77	11	7	1	32	4	3	85	32	4	3	85	8	4	3	85	8	35	3	84	8	34	48	85	8	35	48	4	16	68	93	8	6
2019-10-13	84	13	15	5	3	86	100	34	19	14	100	34	19	14	5	97	55	41	14	2	95	70	24	3	9	73	25	3	9	3	72	8	26	10	46	8	26	10	47	48	26	10	47	48	26	3	15	15	8	100	15	15	8	100	2	15	8	100	2	69	8	100	2	69	1	100	2	69	1	4	2	63	1	4	83	63	1	4	83	14	1	4	83	14	2	4	83	14	2	2	83	14	2	2	1	86	15	11	7	18	7	5	4	8	39	5	4	9	39	9	4	9	39	9	3	8	38	9	3	19	38	9	3	19	11	9	3	19	11	12	3	19	11	12	40	19	11	12	40	3	19	21	72	5	36	21	72	5	36	1	36	2	18	0	93	2	18	0	93	7	18	0	93	7	60	0	93	7	60	36	93	7	60	36	8	10	91	55	12	15	90	55	12	15	3	68	15	19	4	35	15	19	4	35	5	15	4	29	4	83	4	29	4	83	54	29	4	83	54	3	3	65	42	2	35	65	42	2	35	3	42	2	35	3	2	2	35	3	2	1	35	3	2	1	6	50	34	17	89	17	34	17	89	17	38	15	80	15	35	88	80	15	35	88	3	11	25	63	2	76	25	63	2	76	15	64	2	77	15	11	2	76	15	11	26	76	15	11	26	6	0	0	0	0	95	0	0	0	95	1	0	0	95	1	1	0	95	1	1	0	95	1	1	0	1	9	8	2	8	59	9	2	8	59	2	2	8	59	2	6	8	59	2	6	36	59	2	6	36	10	4	14	91	26	59	14	90	26	58	52	91	26	59	52	46	32	73	64	57	1	73	64	57	1	21	75	66	1	24	2	56	1	20	2	80	1	10	1	39	40	10	1	39	40	8	1	39	40	8	9	39	40	8	9	1	40	8	9	1	11	37	44	3	52	80	44	3	52	80	19	3	52	80	19	3	30	46	11	2	45	46	11	2	45	18	11	2	45	18	57	2	45	18	57	8	45	18	57	8	2	20	62	9	2	25	62	9	2	25	14	11	2	31	17	37	2	30	17	38	18	30	17	38	18	25	17	38	18	25	9	38	18	25	9	1	43	59	22	3	73	59	22	3	73	11	22	3	73	11	7	1	30	5	3	86	30	5	3	86	9	5	3	86	9	37	3	86	9	36	45	86	9	37	44	4	17	71	86	8	6
2019-10-20	84	13	14	5	3	85	94	35	19	14	94	35	19	14	5	100	55	41	14	2	95	71	23	3	8	74	25	3	9	3	71	8	26	9	49	8	26	10	50	48	26	10	50	48	27	3	16	15	9	90	16	15	9	90	2	15	9	90	2	65	9	90	2	65	1	90	2	65	1	4	2	60	1	4	83	60	1	4	83	15	1	4	83	14	2	4	83	15	2	2	83	15	2	2	1	88	14	11	7	18	7	5	4	9	37	5	4	9	37	9	4	9	37	9	3	8	36	9	3	18	36	9	3	18	11	9	3	18	11	12	3	18	11	12	42	18	11	12	42	3	19	21	74	5	35	21	74	5	35	1	37	3	17	1	95	3	17	1	95	6	17	1	95	6	58	1	95	6	58	37	95	6	58	37	8	10	89	57	12	15	89	56	12	15	4	71	15	19	4	33	15	19	5	34	5	16	4	27	4	81	4	27	4	81	54	27	4	81	54	3	3	63	42	2	36	63	42	2	36	3	42	2	36	3	3	2	36	3	3	1	36	3	3	1	6	46	37	18	89	17	37	18	89	17	35	16	80	15	32	91	80	15	32	91	3	11	23	65	2	79	23	65	2	79	15	65	2	77	15	10	2	79	15	11	25	79	15	11	25	6	0	0	0	0	95	0	0	0	95	1	0	0	95	1	1	0	95	1	1	0	95	1	1	0	1	10	9	3	8	58	9	3	8	57	2	3	8	58	2	6	8	58	2	6	36	58	2	6	36	11	4	15	89	27	57	15	88	27	57	49	89	27	57	50	46	34	71	61	57	1	71	61	57	1	20	71	66	1	23	2	56	1	19	2	82	1	9	1	39	43	9	1	39	43	7	1	39	43	8	9	39	43	8	9	1	43	8	9	1	11	37	45	4	53	89	45	4	53	89	19	4	53	89	19	3	30	51	11	2	43	51	11	2	43	19	11	2	43	19	52	2	43	19	52	8	43	19	52	8	2	21	57	9	2	25	57	9	2	25	12	10	3	29	14	36	3	29	15	36	16	29	15	36	16	25	15	36	16	25	10	36	16	25	10	1	38	59	23	2	78	59	23	2	78	11	23	2	78	11	8	1	32	4	3	84	32	4	3	84	8	4	3	84	8	37	4	84	8	39	46	84	8	37	46	5	15	72	88	9	4
2019-10-27	82	12	14	5	3	82	93	34	18	14	93	34	18	14	5	97	51	39	14	1	88	68	23	3	8	71	25	3	8	4	71	8	24	12	49	8	25	12	50	45	25	12	50	45	29	4	16	14	9	86	16	14	9	86	2	14	9	86	2	63	9	86	2	63	1	86	2	63	1	4	2	58	1	4	81	58	1	4	81	14	1	4	80	14	2	4	81	14	2	2	81	14	2	2	1	88	15	10	7	18	7	5	3	9	34	5	4	9	35	10	4	9	35	10	3	9	33	9	3	18	33	9	3	18	10	9	3	18	10	13	3	18	10	13	41	18	10	13	41	4	18	22	73	6	38	22	73	6	38	1	36	3	19	0	95	3	19	0	95	6	19	0	95	6	57	0	95	6	57	38	95	6	57	38	7	9	88	58	11	15	87	58	11	15	3	72	14	19	4	33	14	18	4	33	5	15	3	27	4	83	3	27	4	83	51	27	4	83	51	3	3	65	40	2	33	65	40	2	33	3	40	2	33	3	2	2	33	3	2	1	33	3	2	1	6	48	35	16	84	15	35	16	84	15	34	15	76	13	31	88	76	13	31	88	3	9	22	63	2	81	22	63	2	81	13	63	2	82	14	8	2	81	13	9	21	81	13	9	21	5	0	0	0	0	92	0	0	0	92	1	0	0	92	1	1	0	92	1	1	0	92	1	1	0	1	10	8	2	8	56	8	2	8	56	2	2	8	56	2	6	8	56	2	6	35	56	2	6	35	12	4	14	88	30	58	14	89	30	58	41	88	30	58	42	47	37	72	52	58	1	72	52	58	1	20	59	67	1	23	2	57	1	20	1	80	0	10	1	39	49	10	1	39	49	7	1	39	48	7	10	39	48	7	10	1	48	7	10	1	10	31	46	3	49	86	46	3	49	86	22	3	49	86	22	3	28	49	13	2	44	49	13	2	44	19	13	2	44	19	49	2	44	19	49	10	44	19	49	10	2	21	54	11	2	25	54	11	2	25	12	13	3	30	15	37	3	30	15	38	17	30	15	38	17	26	15	38	17	26	9	38	17	26	9	1	41	62	21	2	83	62	21	2	83	12	21	2	83	12	8	1	34	5	3	82	34	5	3	82	8	5	3	82	8	37	4	81	7	37	47	82	8	37	46	4	15	72	89	8	4
2019-11-03	81	13	14	5	3	83	91	34	19	15	91	34	19	15	5	96	54	43	14	1	94	74	25	3	8	78	26	3	8	3	75	8	24	9	49	8	25	10	50	44	25	10	50	44	30	3	16	14	10	80	16	14	10	80	2	14	10	80	2	63	10	80	2	63	1	80	2	63	1	4	2	58	1	4	79	58	1	4	79	15	1	4	79	15	2	4	79	15	2	2	79	15	2	2	1	91	14	11	7	18	7	5	3	9	34	5	3	9	34	9	3	9	34	9	3	9	33	9	3	20	33	9	3	20	11	9	3	20	11	13	3	20	11	13	43	20	11	13	43	2	19	23	77	4	36	23	77	4	36	1	38	2	18	0	92	2	18	0	92	6	18	0	92	6	55	0	92	6	55	36	92	6	55	36	8	9	84	55	12	14	84	55	12	14	3	68	15	17	4	36	15	17	4	35	5	14	3	29	4	78	3	29	4	78	49	29	4	78	49	3	3	61	39	2	33	61	39	2	33	3	39	2	33	3	2	2	33	3	2	1	33	3	2	1	6	48	34	16	86	15	34	16	86	15	33	15	78	14	30	95	78	14	30	95	3	10	21	68	2	83	21	68	2	83	13	68	2	82	13	8	2	83	13	9	21	83	13	9	21	4	0	0	0	0	96	0	0	0	96	1	0	0	96	1	1	0	96	1	1	0	96	1	1	0	1	12	9	3	8	62	8	3	8	62	2	3	8	62	2	6	8	62	2	6	38	62	2	6	38	12	5	14	94	30	60	14	94	30	60	28	94	30	60	28	52	37	74	35	64	1	74	35	64	1	20	40	75	1	24	2	63	1	20	1	80	1	10	1	37	41	10	1	37	41	7	1	38	41	7	9	38	41	7	9	1	41	7	9	1	11	35	44	3	53	85	44	3	53	85	21	3	53	85	21	3	30	49	12	2	43	49	12	2	43	18	12	2	43	18	47	2	43	18	47	9	43	18	47	9	2	20	51	10	2	25	51	10	2	25	13	12	3	30	16	36	2	30	16	35	18	30	16	35	18	28	16	35	18	28	9	35	18	28	9	1	43	65	22	2	82	65	22	2	82	13	22	2	82	13	9	1	34	5	4	83	34	5	4	83	8	5	4	83	8	36	4	84	8	36	45	83	8	36	46	5	15	70	89	9	4
2019-11-10	81	13	14	5	3	84	94	34	20	14	94	34	20	14	5	96	58	39	14	1	100	67	25	3	8	70	26	3	8	3	76	8	24	10	51	8	24	10	52	44	24	10	52	44	31	3	16	14	10	79	16	14	10	79	2	14	10	79	2	61	10	79	2	61	1	79	2	61	1	4	2	56	1	4	79	56	1	4	79	15	1	4	78	15	2	4	79	15	2	2	79	15	2	2	1	92	15	10	7	19	7	5	4	9	33	5	3	9	33	9	3	9	33	9	3	9	32	9	3	25	32	9	3	25	11	9	3	25	11	14	3	25	11	14	42	25	11	14	42	3	20	24	75	5	38	24	75	5	38	1	37	2	19	0	95	2	19	0	95	6	19	0	95	6	55	0	95	6	55	39	95	6	55	39	8	9	84	59	12	15	84	58	12	14	4	74	15	18	5	40	15	18	5	40	5	15	4	33	4	81	4	33	4	81	44	33	4	81	44	3	3	64	35	2	32	64	35	2	32	3	35	2	32	3	3	2	32	3	3	1	32	3	3	1	6	49	37	16	89	17	37	16	89	17	30	15	81	15	28	90	81	15	28	90	2	11	20	64	1	85	20	64	1	85	15	63	1	86	16	7	1	85	15	7	22	85	15	7	22	3	0	0	0	0	93	0	0	0	93	1	0	0	93	1	1	0	93	1	1	0	93	1	1	0	1	12	8	3	8	65	8	3	8	65	2	3	8	65	2	6	8	65	2	6	38	65	2	6	38	14	4	14	95	34	59	14	95	34	58	22	95	34	59	23	51	42	73	29	63	1	73	29	63	1	21	32	72	1	24	3	62	1	20	2	79	0	10	1	38	44	10	1	38	44	8	1	38	44	7	9	38	44	7	9	1	44	7	9	1	11	35	43	4	52	86	43	4	52	86	21	4	52	86	21	4	30	49	12	2	46	49	12	2	46	19	12	2	46	19	46	2	46	19	46	10	46	19	46	10	2	21	50	11	2	25	50	11	2	25	13	13	3	28	16	37	2	30	16	38	20	30	16	38	20	28	16	38	20	28	9	38	20	28	9	1	47	66	21	3	81	66	21	3	81	14	21	3	81	14	9	1	34	6	4	78	34	6	4	78	9	6	4	78	9	38	4	79	9	37	44	78	9	38	45	4	17	74	86	8	4
2019-11-17	81	13	14	5	3	83	90	34	19	13	90	34	19	13	5	95	54	38	15	2	93	66	26	3	7	69	27	3	8	3	79	8	22	9	51	8	23	9	52	42	23	9	52	42	29	3	16	13	9	79	16	13	9	79	2	13	9	79	2	59	9	79	2	59	1	79	2	59	1	4	1	54	1	4	81	54	1	4	81	15	1	4	80	15	3	4	81	15	2	2	81	15	2	2	1	92	15	10	7	21	7	5	4	10	32	5	3	10	31	9	3	10	31	9	4	10	30	9	3	38	30	9	3	38	11	9	3	38	11	14	3	38	11	14	40	38	11	14	40	3	19	24	72	5	36	24	72	5	36	1	36	2	18	0	91	2	18	0	91	6	18	0	91	6	53	0	91	6	53	36	91	6	53	36	8	9	81	55	13	15	81	55	12	15	4	69	16	19	5	47	16	19	5	48	5	16	4	39	4	80	4	39	4	80	18	39	4	80	18	3	3	63	14	2	41	63	14	2	41	3	14	2	41	3	2	2	41	3	2	1	41	3	2	1	6	45	32	15	90	18	32	15	90	18	28	14	81	16	25	91	81	16	25	91	2	11	18	65	1	80	18	65	1	80	14	66	2	81	16	8	1	80	14	7	23	80	14	7	23	3	0	0	0	0	92	0	0	0	92	1	0	0	92	1	1	0	92	1	1	0	92	1	1	0	1	13	8	3	7	64	8	3	7	65	2	3	7	64	2	6	7	64	2	6	36	64	2	6	36	15	5	15	89	38	59	15	88	38	59	19	89	38	59	19	51	47	73	23	63	1	73	23	63	1	22	27	74	1	24	2	62	1	21	2	80	1	10	1	39	44	10	1	39	44	7	1	39	44	8	10	39	44	8	10	1	44	8	10	1	12	35	45	3	55	84	45	3	55	84	22	3	55	84	22	3	32	48	13	2	40	48	13	2	40	19	13	2	40	19	46	2	40	19	46	10	40	19	46	10	2	21	50	11	2	25	50	11	2	25	15	14	2	30	18	36	2	30	18	36	18	30	18	36	18	26	18	36	18	26	9	36	18	26	9	1	43	62	21	3	80	62	21	3	80	13	21	3	80	13	10	1	33	6	4	81	33	6	4	81	8	6	4	81	8	43	4	81	8	42	44	81	8	43	44	5	15	83	84	10	5
2019-11-24	82	12	13	5	2	82	87	33	16	12	87	33	16	12	5	92	46	35	16	2	80	61	27	3	7	64	28	3	7	3	82	8	22	9	50	8	22	10	52	44	22	10	52	44	29	3	16	14	9	91	16	14	9	91	2	14	9	91	2	57	9	91	2	57	1	91	2	57	1	4	1	52	1	3	83	52	1	3	83	14	1	3	82	14	2	3	83	14	2	2	83	14	2	2	1	85	14	10	7	25	7	5	3	12	30	5	3	12	30	9	3	12	30	9	5	12	29	8	4	100	29	8	4	100	11	8	4	100	11	13	4	100	11	13	39	100	11	13	39	3	20	23	69	5	36	23	69	5	36	1	34	3	18	0	95	3	18	0	95	6	18	0	95	6	53	0	95	6	53	36	95	6	53	36	8	9	81	55	13	18	81	55	13	18	4	69	16	22	5	100	16	22	5	100	6	18	4	83	5	79	4	83	5	79	33	83	5	79	33	3	4	62	26	2	35	62	26	2	35	3	26	2	35	3	2	2	35	3	2	1	35	3	2	1	6	47	29	15	84	15	29	15	84	15	27	14	76	13	24	84	76	13	24	84	3	9	17	60	2	74	17	60	2	74	14	60	2	75	14	9	2	74	14	8	21	74	14	8	21	3	0	0	0	0	90	0	0	0	90	1	0	0	90	1	1	0	90	1	1	0	90	1	1	0	1	15	8	4	8	62	8	4	8	63	2	4	8	62	2	7	8	62	2	7	35	62	2	7	35	17	5	17	87	43	58	17	86	43	57	17	87	43	58	18	54	53	71	22	67	1	71	22	67	1	21	24	78	1	24	1	65	1	20	1	78	0	10	1	38	50	10	1	38	50	7	1	37	51	7	10	37	51	7	10	1	51	7	10	1	13	34	46	5	59	82	46	5	59	82	23	5	59	82	23	3	34	47	13	2	39	47	13	2	39	19	13	2	39	19	47	2	39	19	47	10	39	19	47	10	2	21	51	11	2	29	51	11	2	29	25	12	2	34	30	37	2	34	30	38	16	34	30	38	16	24	30	38	16	24	9	38	16	24	9	1	39	57	22	2	69	57	22	2	69	16	22	2	69	16	8	1	29	6	3	80	29	6	3	80	8	6	3	80	8	38	4	80	9	38	40	80	8	38	40	4	16	73	78	7	4
2019-12-01	80	13	14	5	3	85	91	34	17	13	91	34	17	13	6	95	50	36	17	2	86	62	30	4	7	65	31	4	8	3	91	11	22	9	49	12	22	10	51	42	22	10	51	42	27	3	16	13	9	66	16	13	9	66	2	13	9	66	2	54	9	66	2	54	1	66	2	54	1	4	1	49	1	3	79	49	1	3	79	14	1	3	80	14	2	3	79	14	2	2	79	14	2	2	1	85	14	10	7	26	7	5	3	13	26	5	3	13	26	9	3	13	26	9	4	12	25	9	3	19	25	9	3	19	11	9	3	19	11	14	3	19	11	14	38	19	11	14	38	3	20	25	68	5	36	25	68	5	36	1	34	3	18	0	88	3	18	0	88	6	18	0	88	6	50	0	88	6	50	37	88	6	50	37	8	9	76	56	12	16	75	56	12	16	3	70	15	20	4	37	15	21	4	38	5	17	3	31	4	74	3	31	4	74	40	31	4	74	40	3	3	58	31	2	34	58	31	2	34	3	31	2	34	3	2	2	34	3	2	1	34	3	2	1	6	43	28	16	81	16	28	16	81	16	27	14	73	14	25	91	73	14	25	91	2	10	18	65	1	74	18	65	1	74	14	64	1	73	14	7	1	74	14	7	20	74	14	7	20	3	0	0	0	0	92	0	0	0	92	1	0	0	92	1	1	0	92	1	1	0	92	1	1	0	1	18	8	3	8	63	8	3	8	64	2	3	8	63	2	5	8	63	2	5	31	63	2	5	31	22	5	13	78	54	54	13	80	54	53	16	78	54	54	16	50	66	66	19	62	1	66	19	62	1	20	22	72	1	23	2	61	1	20	2	75	0	9	1	36	45	9	1	36	45	7	1	36	46	7	9	36	46	7	9	1	46	7	9	1	11	32	43	3	53	74	43	3	53	74	22	3	53	74	22	3	31	42	13	2	39	42	13	2	39	18	13	2	39	18	40	2	39	18	40	9	39	18	40	9	2	19	44	10	2	24	44	10	2	24	14	13	2	29	17	36	2	29	17	36	17	29	17	36	17	29	17	36	17	29	10	36	17	29	10	1	40	68	25	2	73	68	25	2	73	14	25	2	73	14	8	1	30	6	3	78	30	6	3	78	8	6	3	78	8	36	4	79	8	35	43	78	8	36	42	4	16	69	81	8	3
2019-12-08	81	13	14	5	3	84	94	31	17	12	94	31	17	12	6	89	49	35	18	2	84	61	31	3	7	64	33	4	8	3	96	10	22	10	49	11	23	10	50	43	23	10	50	43	27	3	16	14	8	64	16	14	8	64	2	14	8	64	2	53	8	64	2	53	1	64	2	53	1	4	1	49	1	4	81	49	1	4	81	14	1	4	81	14	2	4	81	14	2	2	81	14	2	2	1	84	13	10	7	31	6	5	3	15	25	5	3	15	25	9	3	15	25	9	3	14	24	9	3	18	24	9	3	18	11	9	3	18	11	14	3	18	11	14	37	18	11	14	37	4	20	25	66	7	40	25	66	7	40	1	32	3	20	0	86	3	20	0	86	6	20	0	86	6	50	0	86	6	50	38	86	6	50	38	8	9	76	58	12	20	75	57	11	20	4	72	14	25	4	34	14	26	5	35	5	21	4	28	4	76	4	28	4	76	40	28	4	76	40	3	3	60	31	2	38	60	31	2	38	3	31	2	38	3	2	2	38	3	2	2	38	3	2	2	5	43	31	23	80	16	31	23	80	16	24	21	72	14	22	96	72	14	22	96	1	10	15	69	1	66	15	69	1	66	14	69	1	67	14	6	1	66	14	6	21	66	14	6	21	3	0	0	0	0	90	0	0	0	90	2	0	0	90	2	1	0	90	2	1	0	90	2	1	0	1	21	8	3	8	64	9	3	8	65	2	3	8	64	2	5	8	64	2	5	31	64	2	5	31	22	4	12	78	55	56	12	78	56	55	15	78	55	56	15	52	68	69	19	64	1	69	19	64	1	22	22	76	1	25	2	63	1	22	1	72	0	10	1	34	53	10	1	34	53	7	1	35	53	7	9	35	53	7	9	1	53	7	9	1	13	31	43	4	60	76	43	4	60	76	32	4	60	76	32	3	34	43	19	2	37	43	19	2	37	19	19	2	37	19	39	2	37	19	39	9	37	19	39	9	2	21	43	9	2	25	43	9	2	25	18	11	2	30	20	43	3	30	21	43	17	30	21	43	17	29	21	43	17	29	10	43	17	29	10	1	40	68	25	2	71	68	25	2	71	17	25	2	71	17	8	1	29	7	3	79	29	7	3	79	8	7	3	79	8	35	3	79	9	35	41	79	8	35	39	5	16	67	76	9	4
2019-12-15	81	13	15	5	3	83	96	33	17	12	96	33	17	12	6	94	47	35	17	2	82	60	30	4	7	63	31	4	8	3	90	11	22	10	49	12	23	10	51	49	23	10	51	49	26	3	16	15	8	64	16	15	8	64	2	15	8	64	2	67	8	64	2	67	1	64	2	67	1	4	1	62	1	4	86	62	1	4	86	13	1	4	86	13	2	4	86	13	2	2	86	13	2	2	1	82	14	10	6	45	7	5	3	22	24	5	3	22	25	9	3	22	25	9	4	21	24	9	4	21	24	9	4	21	11	9	4	21	11	14	4	21	11	14	36	21	11	14	36	5	20	24	63	9	57	24	63	9	57	1	31	4	28	1	91	4	28	1	91	6	28	1	91	6	54	1	91	6	54	37	91	6	54	37	8	10	82	57	11	25	81	56	12	24	4	71	14	31	5	43	15	31	5	44	6	26	4	35	5	83	4	35	5	83	39	35	5	83	39	3	4	66	31	2	49	66	31	2	49	3	31	2	49	3	2	2	49	3	2	1	49	3	2	1	5	46	31	18	80	15	31	18	80	15	25	17	72	14	23	100	72	14	23	100	2	10	16	71	1	64	16	71	1	64	15	72	1	64	16	5	1	64	15	5	21	64	15	5	21	4	0	0	0	0	91	0	0	0	91	2	0	0	91	2	1	0	91	2	1	0	91	2	1	0	1	26	9	4	9	65	9	4	9	65	2	4	9	65	2	5	9	65	2	5	31	65	2	5	31	26	4	12	77	66	61	12	77	66	61	17	77	66	61	16	52	81	75	20	65	1	75	20	65	1	28	24	76	1	32	2	64	1	27	2	80	0	13	1	39	67	13	1	39	67	7	1	39	70	7	10	39	70	7	10	1	70	7	10	1	14	32	48	3	66	75	48	3	66	75	31	3	66	75	31	3	38	43	18	2	37	43	18	2	37	21	18	2	37	21	41	2	37	21	41	14	37	21	41	14	2	23	44	15	2	32	44	15	2	32	20	18	2	39	22	51	2	39	23	51	20	39	23	51	20	29	23	51	20	29	13	51	20	29	13	1	47	69	30	3	69	69	30	3	69	20	30	3	69	20	9	1	29	8	4	83	29	8	4	83	8	8	4	83	8	35	4	83	9	35	39	83	8	35	40	4	16	68	77	7	3
2019-12-22	85	11	15	5	2	74	96	34	11	14	96	34	11	14	7	97	31	41	19	2	54	71	33	4	8	74	34	4	8	4	100	12	25	11	53	13	25	12	54	52	25	12	54	52	27	4	17	17	9	74	17	17	9	74	1	17	9	74	1	69	9	74	1	69	1	74	1	69	1	6	1	63	1	5	99	63	1	5	99	14	1	5	98	14	3	5	99	14	3	2	99	14	3	2	1	83	17	10	7	54	8	5	3	26	24	5	3	26	24	10	3	26	24	10	5	25	23	9	5	44	23	9	5	44	11	9	5	44	11	15	5	44	11	15	36	44	11	15	36	4	20	26	64	7	100	26	64	7	100	2	32	3	49	1	100	3	49	1	100	6	49	1	100	6	59	1	100	6	59	46	100	6	59	46	8	10	90	70	12	23	89	69	12	23	5	88	15	29	6	74	15	29	6	76	9	24	5	61	7	100	5	61	7	100	42	61	7	100	42	3	6	79	33	2	37	79	33	2	37	4	33	2	37	4	2	2	37	4	2	1	37	4	2	1	6	60	34	16	88	18	34	16	88	18	24	14	79	17	21	99	79	17	21	99	2	12	15	71	1	61	15	71	1	61	15	74	1	60	15	5	1	61	15	5	22	61	15	5	22	4	0	0	0	0	91	0	0	0	91	2	0	0	91	2	1	0	91	2	1	0	91	2	1	0	1	24	9	5	10	67	9	5	10	68	2	5	10	67	2	6	10	67	2	6	34	67	2	6	34	24	4	14	85	59	81	14	86	59	81	20	85	59	81	20	57	73	100	25	70	1	100	25	70	1	37	29	81	1	42	2	69	1	36	2	96	0	17	1	46	100	17	1	46	100	6	1	46	100	6	14	46	100	6	14	1	100	6	14	1	17	31	66	6	81	95	66	6	81	95	40	6	81	95	40	4	46	54	23	2	41	54	23	2	41	40	23	2	41	40	49	2	41	40	49	19	41	40	49	19	1	43	53	21	1	63	53	21	1	63	25	25	2	77	30	78	2	76	30	78	25	76	30	78	25	24	30	78	25	24	13	78	25	24	13	1	59	58	32	3	75	58	32	3	75	26	32	3	75	26	9	1	31	11	4	84	31	11	4	84	11	11	4	84	11	36	3	84	11	37	40	84	11	36	40	4	20	69	78	8	4
2019-12-29	83	11	15	5	2	73	98	35	13	17	98	35	13	17	5	100	36	48	13	2	63	84	23	3	8	88	24	3	9	4	70	10	25	11	51	10	25	12	52	53	25	12	52	53	28	4	17	17	9	65	17	17	9	65	2	17	9	65	2	66	9	65	2	66	1	65	2	66	1	5	1	61	1	5	94	61	1	5	94	14	1	5	92	14	3	5	94	14	3	2	94	14	3	2	1	86	15	11	6	50	7	5	3	24	29	5	3	24	29	9	3	24	29	9	4	23	28	9	4	19	28	9	4	19	11	9	4	19	11	14	4	19	11	14	41	19	11	14	41	2	19	25	74	4	75	25	74	4	75	1	36	2	37	1	90	2	37	1	90	6	37	1	90	6	60	1	90	6	60	46	90	6	60	46	8	9	91	71	12	17	91	70	12	17	5	88	15	21	6	38	15	22	6	39	8	17	5	32	6	84	5	32	6	84	39	32	6	84	39	3	5	66	30	2	34	66	30	2	34	4	30	2	34	4	3	2	34	4	3	1	34	4	3	1	6	54	42	17	94	21	42	17	94	21	22	15	85	19	20	91	85	19	20	91	1	13	14	65	1	74	14	65	1	74	14	65	1	74	13	7	1	74	14	7	24	74	14	7	24	5	0	0	0	0	92	0	0	0	92	1	0	0	92	1	1	0	92	1	1	0	92	1	1	0	1	15	10	3	9	65	10	3	9	66	2	3	9	65	2	5	9	65	2	5	39	65	2	5	39	14	4	13	96	36	70	13	97	35	69	17	96	36	70	17	63	44	86	21	78	1	86	21	78	1	28	24	92	1	32	3	77	1	27	2	94	0	13	1	45	64	13	1	45	64	8	1	45	63	7	13	45	63	7	13	1	63	7	13	1	16	35	62	5	73	100	62	5	73	100	30	5	73	100	30	3	42	57	17	2	40	57	17	2	40	48	17	2	40	48	51	2	40	48	51	12	40	48	51	12	1	52	55	13	2	46	55	13	2	46	13	16	2	54	15	85	2	55	15	85	22	55	15	85	22	25	15	85	22	25	12	85	22	25	12	1	53	59	29	2	100	59	29	2	100	20	29	2	100	20	8	1	41	8	3	78	41	8	3	78	10	8	3	78	10	39	3	78	11	39	52	78	10	39	52	5	20	75	100	9	5
